rang annuel;titre;nationalité;sortie;mois;entrées (millions);annee;Type;nouvelle nationalité;Intervalle d'entrées;Nationalité simplifiée;Saison de sortie
1;LES INDESTRUCTIBLES 2;US;04/07/2018;7;5,74;2018;Animation;US;"[5;10[";US;Été
2;LES TUCHE 3;FR;31/01/2018;1;5,69;2018;Comédie;FR;"[5;10[";FR;Hiver
3;CHTITE FAMILLE (LA);FR;28/02/2018;2;5,62;2018;Comédie;FR;"[5;10[";FR;Hiver
4;AVENGERS : INFINITY WAR;US;25/04/2018;4;5,04;2018;Super-héros;US;"[5;10[";US;Printemps
5;GRAND BAIN (LE);FR;24/10/2018;10;4,21;2018;Comédie;FR;"[1;5[";FR;Automne
6;ANIMAUX FANTASTIQUES (LES) : LES CRIMES DE GRINDELWALD;GB;14/11/2018;11;3,86;2018;Fantastique;GB;"[1;5[";GB;Automne
7;BOHEMIAN RHAPSODY;GB;31/10/2018;10;3,72;2018;Biopic/Biographie;GB;"[1;5[";GB;Automne
8;TAXI 5;FR;11/04/2018;4;3,65;2018;Comédie policière;FR;"[1;5[";FR;Printemps
9;JURASSIC WORLD FALLEN KINGDOM;US;06/06/2018;6;3,63;2018;Science-fiction;US;"[1;5[";US;Printemps
10;BLACK PANTHER;US;14/02/2018;2;3,62;2018;Super-héros;US;"[1;5[";US;Hiver
11;HOTEL TRANSYLVANIE 3 : DES VACANCES MONSTRUEUSES;US;25/07/2018;7;3,07;2018;Animation;US;"[1;5[";US;Été
12;MISSION IMPOSSIBLE FALL OUT;US;01/08/2018;8;3,02;2018;Action;US;"[1;5[";US;Été
13;ASTERIX ET LE SECRET DE LA POTION MAGIQUE;FR;05/12/2018;12;2,89;2018;Animation;FR;"[1;5[";FR;Automne
14;LE LABYRINTHE: LE REMEDE MORTEL;US;07/02/2018;2;2,85;2018;Science-fiction;US;"[1;5[";US;Hiver
15;CINQUANTE NUANCES PLUS CLAIRES;US;07/02/2018;2;2,76;2018;Erotique;US;"[1;5[";US;Hiver
16;DEADPOOL 2;US;16/05/2018;5;2,60;2018;Super-héros;US;"[1;5[";US;Printemps
17;TOUT LE MONDE DEBOUT;FR;14/03/2018;3;2,42;2018;Comédie;FR;"[1;5[";FR;Hiver
18;ALAD 2;FR;03/10/2018;10;2,35;2018;Comédie;FR;"[1;5[";FR;Automne
19;VENOM;US;10/10/2018;10;2,28;2018;Super-héros;US;"[1;5[";US;Automne
20;READY PLAYER ONE;GB;28/03/2018;3;2,28;2018;Science-fiction;GB;"[1;5[";GB;Hiver
21;LE GRINCH;US;28/11/2018;11;2,05;2018;Comédie fantastique;US;"[1;5[";US;Automne
22;JUMANJI BIENVENUE DANS LA JUNGLE;US;20/12/2017;12;2,00;2018;Fantastique;US;"[1;5[";US;Automne
23;AQUAMAN;US;19/12/2018;12;1,90;2018;Super-héros;US;"[1;5[";US;Automne
24;A STAR IS BORN;US;03/10/2018;10;1,88;2018;Film musical /Comédie musicale;US;"[1;5[";US;Automne
25;YETI ET COMPAGNIE;US;17/10/2018;10;1,85;2018;Animation;US;"[1;5[";US;Automne
26;ANT-MAN ET LA GUEPE;US;18/07/2018;7;1,80;2018;Super-héros;US;"[1;5[";US;Été
27;PIERRE LAPIN;US;04/04/2018;4;1,74;2018;Comédie;US;"[1;5[";US;Printemps
28;STAR WARS LES DERNIERS JEDI;US;13/12/2017;12;1,73;2018;Science-fiction;US;"[1;5[";US;Automne
29;BELLE ET SEBASTIEN 3, LE DERNIER CHAPITRE;FR;14/02/2018;2;1,68;2018;Aventure;FR;"[1;5[";FR;Hiver
30;EN EAUX TROUBLES;US;22/08/2018;8;1,62;2018;Science-fiction;US;"[1;5[";US;Été
31;JEU (LE);FR;17/10/2018;10;1,59;2018;Comédie dramatique;FR;"[1;5[";FR;Automne
32;FERDINAND;US;20/12/2017;12;1,42;2018;Animation;US;"[1;5[";US;Automne
33;LA NONNE;US;19/09/2018;9;1,39;2018;Horreur;US;"[1;5[";US;Été
34;LA FORME DE L'EAU;US;21/02/2018;2;1,38;2018;Fantastique;US;"[1;5[";US;Hiver
35;SOLO : A STAR WARS STORY;US;23/05/2018;5;1,37;2018;Science-fiction;US;"[1;5[";US;Printemps
36;COCO;US;29/11/2017;11;1,35;2018;Comédie;US;"[1;5[";US;Automne
37;PENTAGON PAPERS;US;24/01/2018;1;1,34;2018;Film historique / Guerre;US;"[1;5[";US;Hiver
38;BLACKKKLANSMAN;US;22/08/2018;8;1,31;2018;Policier/Thriller;US;"[1;5[";US;Été
39;TOMB RAIDER;GB;14/03/2018;3;1,26;2018;Aventure;GB;"[1;5[";GB;Hiver
40;NEUILLY SA MERE, SA MERE;FR;08/08/2018;8;1,15;2018;Comédie;FR;"[1;5[";FR;Été
41;AMERICAN NIGHTMARE 4 LES ORIGINES;US;04/07/2018;7;1,03;2018;Policier/Thriller;US;"[1;5[";US;Été
42;PREMIERE ANNEE;FR;12/09/2018;9;1,01;2018;Drame;FR;"[1;5[";FR;Été
1;MONDE DE NEMO (LE);ETATS UNIS;26/11/2003;11;7,94;2003;Animation;US;"[5;10[";US;Automne
2;TAXI 3;FRANCE;29/01/2003;1;6,11;2003;Comédie policière;FR;"[5;10[";FR;Hiver
3;MATRIX RELOADED;ETATS UNIS;16/05/2003;5;5,64;2003;Science-fiction;US;"[5;10[";US;Printemps
4;RETOUR DU ROI (LE);NOUVELLE ZELANDE;17/12/2003;12;5,15;2003;Fantasy;NZ;"[5;10[";Autre;Automne
5;CHOUCHOU;FRANCE;19/03/2003;3;3,82;2003;Comédie;FR;"[1;5[";FR;Hiver
6;PIRATES DES CARAIBES : LA MALEDICTION DU BLACK PEARL;ETATS UNIS;13/08/2003;8;3,77;2003;Fantastique;US;"[1;5[";US;Été
7;ARRETE MOI SI TU PEUX;ETATS UNIS;12/02/2003;2;3,60;2003;Comédie dramatique;US;"[1;5[";US;Hiver
8;MATRIX REVOLUTIONS;ETATS UNIS;05/11/2003;11;3,48;2003;Science-fiction;US;"[1;5[";US;Automne
9;LIVRE DE LA JUNGLE 2 (LE);ETATS UNIS;05/02/2003;2;3,31;2003;Animation;US;"[1;5[";US;Hiver
10;TERMINATOR 3 : LE SOULEVEMENT DES MACHINES;ETATS UNIS;06/08/2003;8;3,19;2003;Science-fiction;US;"[1;5[";US;Été
11;TAIS-TOI;FRANCE / ITALIE;22/10/2003;10;3,03;2003;Comédie policière;FR;"[1;5[";FR;Automne
12;X MEN II;ETATS UNIS;30/04/2003;4;2,78;2003;Super-héros;US;"[1;5[";US;Printemps
13;BRUCE TOUT PUISSANT;ETATS UNIS;03/09/2003;9;2,67;2003;Comédie;US;"[1;5[";US;Été
14;SEIGNEUR DES ANNEAUX (LE) - LES DEUX TOURS;NOUVELLE ZELANDE;18/12/2002;12;2,57;2003;Fantasy;NZ;"[1;5[";Autre;Automne
15;8 MILE;ETATS UNIS;26/02/2003;2;2,24;2003;Comédie dramatique;US;"[1;5[";US;Hiver
16;GANGS OF NEW YORK;ETATS UNIS;08/01/2003;1;2,15;2003;Film historique / Guerre;US;"[1;5[";US;Hiver
17;BEUZE (LA);FRANCE;05/02/2003;2;1,96;2003;Comédie;FR;"[1;5[";FR;Hiver
18;AMERICAN PIE:THE WEDDING;ETATS UNIS;15/10/2003;10;1,91;2003;Comédie;US;"[1;5[";US;Automne
19;BAD BOYS II;ETATS UNIS;15/10/2003;10;1,88;2003;Policier/Thriller;US;"[1;5[";US;Automne
20;FAST & FURIOUS 2;ETATS UNIS;18/06/2003;6;1,79;2003;Action;US;"[1;5[";US;Printemps
21;HULK;ETATS UNIS;02/07/2003;7;1,67;2003;Super-héros;US;"[1;5[";US;Été
22;7 ANS DE MARIAGE...;FRANCE;25/06/2003;6;1,63;2003;Comédie;FR;"[1;5[";FR;Printemps
23;HARRY POTTER ET LA CHAMBRE DES SECRETS;ETATS UNIS;04/12/2002;12;1,59;2003;Fantastique;US;"[1;5[";US;Automne
24;CHARLIE'S ANGELS : LES ANGES SE DECHAINENT;ETATS UNIS;16/07/2003;7;1,56;2003;Action;US;"[1;5[";US;Été
25;KILL BILL VOL. 1;ETATS UNIS;26/11/2003;11;1,55;2003;Action;US;"[1;5[";US;Automne
26;DIX-HUIT ANS APRES;FRANCE;05/02/2003;2;1,54;2003;Comédie;FR;"[1;5[";FR;Hiver
27;COEUR DES HOMMES (LE);FRANCE;02/04/2003;4;1,53;2003;Comédie;FR;"[1;5[";FR;Printemps
28;DAREDEVIL;ETATS UNIS;19/03/2003;3;1,33;2003;Super-héros;US;"[1;5[";US;Hiver
29;GOOD BYE LENIN;ALLEMAGNE;10/09/2003;9;1,30;2003;Comédie dramatique;DEU;"[1;5[";Autre;Été
30;SINBAD: LA LEGENDE DES SEPT MERS;ETATS UNIS;09/07/2003;7;1,25;2003;Animation;US;"[1;5[";US;Été
31;FANFAN LA TULIPE;FRANCE;14/05/2003;5;1,25;2003;Aventure;FR;"[1;5[";FR;Printemps
32;LARA CROFT TOMB RAIDER, LE BERCEAU DE LA VIE;ETATS UNIS;20/08/2003;8;1,22;2003;Action;US;"[1;5[";US;Été
33;INVASIONS BARBARES (LES);CANADA / FRANCE;24/09/2003;9;1,19;2003;Comédie dramatique;CA;"[1;5[";Autre;Été
34;INTOLERABLE CRUAUTE;ETATS UNIS;19/11/2003;11;1,19;2003;Comédie;US;"[1;5[";US;Automne
35;MYSTIC RIVER;ETATS UNIS;15/10/2003;10;1,15;2003;Policier/Thriller;US;"[1;5[";US;Automne
36;PERE ET FILS;FRANCE / CANADA;20/08/2003;8;1,15;2003;Comédie dramatique;FR;"[1;5[";FR;Été
37;SENTIMENTS (LES);FRANCE;05/11/2003;11;1,14;2003;Comédie dramatique;FR;"[1;5[";FR;Automne
38;CHICAGO;ETATS UNIS;26/02/2003;2;1,13;2003;Film musical /Comédie musicale;US;"[1;5[";US;Hiver
39;RIRE ET CHATIMENT;FRANCE;22/01/2003;1;1,13;2003;Comédie;FR;"[1;5[";FR;Hiver
40;COUT DE LA VIE (LE);FRANCE;30/07/2003;7;1,10;2003;Comédie;FR;"[1;5[";FR;Été
41;MAUVAIS ESPRIT;FRANCE / ESPAGNE;05/11/2003;11;1,09;2003;Comédie;FR;"[1;5[";FR;Automne
42;JEUX D'ENFANTS;FRANCE / BELGIQUE;17/09/2003;9;1,07;2003;Comédie romantique;FR;"[1;5[";FR;Été
43;MYSTERE DE LA CHAMBRE JAUNE (LE);FRANCE / BELGIQUE;11/06/2003;6;1,06;2003;Comédie policière;FR;"[1;5[";FR;Printemps
44;MOI CESAR, 10 ANS1/2, 1M39;FRANCE;09/04/2003;4;1,06;2003;Comédie dramatique;FR;"[1;5[";FR;Printemps
45;FLEUR DU MAL (LA);FRANCE;19/02/2003;2;1,04;2003;Comédie dramatique;FR;"[1;5[";FR;Hiver
46;EFFROYABLES JARDINS;FRANCE;26/03/2003;3;1,02;2003;Drame;FR;"[1;5[";FR;Hiver
47;LIGUE DES GENTLEMEN EXTRAORDINAIRES (LA);ETATS UNIS;01/10/2003;10;1,02;2003;Science-fiction;US;"[1;5[";US;Automne
1;CHORISTES (LES);FRANCE / SUISSE;17/03/2004;3;8,43;2004;Comédie dramatique;FR;"[5;10[";FR;Hiver
2;SHREK 2;ETATS UNIS;23/06/2004;6;7,14;2004;Animation;US;"[5;10[";US;Printemps
3;HARRY POTTER ET LE PRISONNIER D'AZKABAN;GRANDE BRETAGNE;02/06/2004;6;7,08;2004;Fantastique;GB;"[5;10[";GB;Printemps
4;SPIDER-MAN 2;ETATS UNIS;14/07/2004;7;5,23;2004;Super-héros;US;"[5;10[";US;Été
5;INDESTRUCTIBLES (LES);ETATS UNIS;24/11/2004;11;4,92;2004;Animation;US;"[1;5[";US;Automne
6;UN LONG DIMANCHE DE FIANCAILLES;FRANCE;27/10/2004;10;4,33;2004;Drame;FR;"[1;5[";FR;Automne
7;PODIUM;FRANCE / BELGIQUE;11/02/2004;2;3,54;2004;Comédie;FR;"[1;5[";FR;Hiver
8;FRERE DES OURS;ETATS UNIS;28/01/2004;1;3,53;2004;Animation;US;"[1;5[";US;Hiver
9;DEUX FRERES;FRANCE / GRANDE BRETAGNE;07/04/2004;4;3,31;2004;Aventure;FR;"[1;5[";FR;Printemps
10;GANG DE REQUINS;ETATS UNIS;13/10/2004;10;2,97;2004;Animation;US;"[1;5[";US;Automne
11;11 COMMANDEMENTS (LES);FRANCE;04/02/2004;2;2,96;2004;Comédie;FR;"[1;5[";FR;Hiver
12;TROIE;GRANDE BRETAGNE;13/05/2004;5;2,73;2004;Péplum;GB;"[1;5[";GB;Printemps
13;JOUR D'APRES (LE);ETATS UNIS;26/05/2004;5;2,68;2004;Science-fiction;US;"[1;5[";US;Printemps
14;ENQUETE CORSE (L');FRANCE;06/10/2004;10;2,54;2004;Comédie;FR;"[1;5[";FR;Automne
15;VILLAGE (LE);ETATS UNIS;18/08/2004;8;2,36;2004;Fantastique;US;"[1;5[";US;Été
16;FAHRENHEIT 9/11;ETATS UNIS;07/07/2004;7;2,33;2004;Documentaire;US;"[1;5[";US;Été
17;RETOUR DU ROI (LE);NOUVELLE ZELANDE;17/12/2003;12;2,22;2004;Fantasy;NZ;"[1;5[";Autre;Automne
18;DERNIER SAMOURAI (LE);ETATS UNIS;14/01/2004;1;2,20;2004;Drame;US;"[1;5[";US;Hiver
19;OCEAN'S TWELVE;ETATS UNIS;15/12/2004;12;2,11;2004;Policier/Thriller;US;"[1;5[";US;Automne
20;I, ROBOT;ETATS UNIS;28/07/2004;7;2,09;2004;Science-fiction;US;"[1;5[";US;Été
21;RIVIERES POURPRES 2 (LES);FRANCE / ITALIE / GRANDE BRETAGNE;18/02/2004;2;2,08;2004;Policier/Thriller;FR;"[1;5[";FR;Hiver
22;MARIAGES !;FRANCE;21/04/2004;4;1,96;2004;Comédie;FR;"[1;5[";FR;Printemps
23;DOUBLE ZERO;FRANCE / GRANDE BRETAGNE;16/06/2004;6;1,80;2004;Comédie d'action / d'espionnage;FR;"[1;5[";FR;Printemps
24;36 QUAI DES ORFEVRES;FRANCE;24/11/2004;11;1,68;2004;Policier/Thriller;FR;"[1;5[";FR;Automne
25;DALTON (LES);FRANCE / ALLEMAGNE / ESPAGNE;08/12/2004;12;1,68;2004;Comédie;FR;"[1;5[";FR;Automne
26;RRRRRRR !!!;FRANCE;28/01/2004;1;1,67;2004;Comédie;FR;"[1;5[";FR;Hiver
27;ROI ARTHUR (LE);ETATS UNIS;04/08/2004;8;1,60;2004;Action;US;"[1;5[";US;Été
28;COMME UNE IMAGE;FRANCE / ITALIE;22/09/2004;9;1,59;2004;Comédie dramatique;FR;"[1;5[";FR;Été
29;PASSION DU CHRIST (LA);ETATS UNIS;31/03/2004;3;1,54;2004;Drame;US;"[1;5[";US;Hiver
30;BRIDGET JONES : L'AGE DE RAISON;ETATS UNIS;08/12/2004;12;1,53;2004;Comédie dramatique;US;"[1;5[";US;Automne
31;GOTHIKA;ETATS UNIS;07/01/2004;1;1,52;2004;Policier/Thriller;US;"[1;5[";US;Hiver
32;VAN HELSING;ETATS UNIS;05/05/2004;5;1,52;2004;Fantastique;US;"[1;5[";US;Printemps
33;STARSKY ET HUTCH;ETATS UNIS;21/04/2004;4;1,51;2004;Comédie policière;US;"[1;5[";US;Printemps
34;KILL BILL VOLUME 2;ETATS UNIS;17/05/2004;5;1,47;2004;Action;US;"[1;5[";US;Printemps
35;MALABAR PRINCESS;FRANCE;03/03/2004;3;1,46;2004;Comédie dramatique;FR;"[1;5[";FR;Hiver
36;COLLATERAL;ETATS UNIS;29/09/2004;9;1,45;2004;Policier/Thriller;US;"[1;5[";US;Été
37;PETER PAN;ETATS UNIS;04/02/2004;2;1,42;2004;Fantasy;US;"[1;5[";US;Hiver
38;POLE EXPRESS (LE);ETATS UNIS;01/12/2004;12;1,37;2004;Animation;US;"[1;5[";US;Automne
39;SCOOBY-DOO 2 - LES MONSTRES SE DECHAINENT;ETATS UNIS;07/04/2004;4;1,37;2004;Comédie fantastique;US;"[1;5[";US;Printemps
40;LOST IN TRANSLATION;ETATS UNIS;07/01/2004;1;1,34;2004;Comédie dramatique;US;"[1;5[";US;Hiver
41;MONDE DE NEMO (LE);ETATS UNIS;26/11/2003;11;1,29;2004;Animation;US;"[1;5[";US;Automne
42;LADYKILLERS;ETATS UNIS;09/06/2004;6;1,25;2004;Comédie;US;"[1;5[";US;Printemps
43;GARFIELD, LE FILM;ETATS UNIS;11/08/2004;8;1,22;2004;Animation;US;"[1;5[";US;Été
44;ARSENE LUPIN;FRANCE / GRANDE BRETAGNE / ESPAGNE / ITALIE;13/10/2004;10;1,18;2004;Aventure;FR;"[1;5[";FR;Automne
45;VIPERE AU POING;FRANCE / GRANDE BRETAGNE;06/10/2004;10;1,17;2004;Drame;FR;"[1;5[";FR;Automne
46;BIG FISH;ETATS UNIS;03/03/2004;3;1,14;2004;Fantastique;US;"[1;5[";US;Hiver
47;TERMINAL (LE);ETATS UNIS;15/09/2004;9;1,14;2004;Comédie dramatique;US;"[1;5[";US;Été
48;MORT DANS LA PEAU (LA);ETATS UNIS;08/09/2004;9;1,14;2004;Espionnage;US;"[1;5[";US;Été
49;MANOIR HANTE ET LES 999 FANTOMES (LE);ETATS UNIS;18/02/2004;2;1,08;2004;Horreur;US;"[1;5[";US;Hiver
50;MAUVAISE EDUCATION (LA);ESPAGNE;12/05/2004;5;1,07;2004;Drame;ESP;"[1;5[";Autre;Printemps
51;DERNIER TRAPPEUR (LE);FRANCE / CANADA / ALLEMAGNE / ITALIE;15/12/2004;12;1,04;2004;Aventure;FR;"[1;5[";FR;Automne
1;STAR WARS : EPISODE III - LA REVANCHE DES SITHS;ETATS UNIS;18/05/2005;5;7,20;2005;Science-fiction;US;"[5;10[";US;Printemps
2;HARRY POTTER ET LA COUPE DE FEU;GRANDE BRETAGNE;30/11/2005;11;7,04;2005;Fantastique;GB;"[5;10[";GB;Automne
3;BRICE DE NICE;FRANCE;06/04/2005;4;4,43;2005;Comédie;FR;"[1;5[";FR;Printemps
4;CHARLIE ET LA CHOCOLATERIE;GRANDE BRETAGNE;13/07/2005;7;4,24;2005;Comédie fantastique;GB;"[1;5[";GB;Été
5;GUERRE DES MONDES (LA);ETATS UNIS;06/07/2005;7;3,89;2005;Science-fiction;US;"[1;5[";US;Été
6;MADAGASCAR;ETATS UNIS;22/06/2005;6;3,18;2005;Animation;US;"[1;5[";US;Printemps
7;MILLION DOLLAR BABY;ETATS UNIS;23/03/2005;3;3,15;2005;Drame;US;"[1;5[";US;Hiver
8;MR & MRS SMITH;ETATS UNIS;27/07/2005;7;2,96;2005;Action;US;"[1;5[";US;Été
9;MONDE DE NARNIA (LE) - CHAPITRE 1 - LE LION, LA SORCIERE BLANCHE ET L'ARMOIRE MAGIQUE;ETATS UNIS;21/12/2005;12;2,87;2005;Fantasy;US;"[1;5[";US;Automne
10;POUPEES RUSSES (LES);FRANCE / GRANDE BRETAGNE;15/06/2005;6;2,84;2005;Comédie dramatique;FR;"[1;5[";FR;Printemps
11;KING KONG;ETATS UNIS;14/12/2005;12;2,77;2005;Fantastique;US;"[1;5[";US;Automne
12;IZNOGOUD;FRANCE;09/02/2005;2;2,54;2005;Comédie;FR;"[1;5[";FR;Hiver
13;PALAIS ROYAL!;FRANCE / GRANDE BRETAGNE;23/11/2005;11;2,38;2005;Comédie;FR;"[1;5[";FR;Automne
14;WALLACE ET GROMIT LE MYSTERE DU LAPIN-GAROU;GRANDE BRETAGNE;12/10/2005;10;2,23;2005;Animation;GB;"[1;5[";GB;Automne
15;4 FANTASTIQUES (LES);ETATS UNIS;20/07/2005;7;2,22;2005;Super-héros;US;"[1;5[";US;Été
16;LEGENDE DE ZORRO (LA);ETATS UNIS;26/10/2005;10;2,15;2005;Aventure;US;"[1;5[";US;Automne
17;HITCH EXPERT EN SEDUCTION;ETATS UNIS;16/03/2005;3;2,06;2005;Comédie;US;"[1;5[";US;Hiver
18;CHICKEN LITTLE;ETATS UNIS;07/12/2005;12;2,03;2005;Animation;US;"[1;5[";US;Automne
19;MARCHE DE L'EMPEREUR (LA);FRANCE;26/01/2005;1;1,86;2005;Documentaire;FR;"[1;5[";FR;Hiver
20;JOYEUX NOEL;FRANCE / ALLEMAGNE / GRANDE BRETAGNE / BELGIQUE / ROUMANIE;09/11/2005;11;1,86;2005;Film historique / Guerre;FR;"[1;5[";FR;Automne
21;ESPACE DETENTE;FRANCE;02/02/2005;2;1,77;2005;Comédie;FR;"[1;5[";FR;Hiver
22;AVIATOR;ETATS UNIS;26/01/2005;1;1,68;2005;Biopic/Biographie;US;"[1;5[";US;Hiver
23;MON BEAU PERE, MES PARENTS ET MOI;ETATS UNIS;16/02/2005;2;1,66;2005;Comédie;US;"[1;5[";US;Hiver
24;RAY;ETATS UNIS;23/02/2005;2;1,59;2005;Biopic/Biographie;US;"[1;5[";US;Hiver
25;THE ISLAND;ETATS UNIS;17/08/2005;8;1,55;2005;Science-fiction;US;"[1;5[";US;Été
26;BATMAN BEGINS;ETATS UNIS;15/06/2005;6;1,49;2005;Super-héros;US;"[1;5[";US;Printemps
27;FRERES GRIMM (LES);GRANDE BRETAGNE;05/10/2005;10;1,49;2005;Fantasy;GB;"[1;5[";GB;Automne
28;OLIVER TWIST;FRANCE / REPUBLIQUE TCHEQUE / GRANDE BRETAGNE;19/10/2005;10;1,45;2005;Aventure;FR;"[1;5[";FR;Automne
29;MATCH POINT;GRANDE BRETAGNE;26/10/2005;10;1,45;2005;Policier/Thriller;GB;"[1;5[";GB;Automne
30;TOUT POUR PLAIRE;FRANCE / BELGIQUE;16/03/2005;3;1,44;2005;Comédie;FR;"[1;5[";FR;Hiver
31;KIRIKOU ET LES BETES SAUVAGES;FRANCE;07/12/2005;12;1,37;2005;Animation;FR;"[1;5[";FR;Automne
32;NOCES FUNEBRES DE TIM BURTON (LES);GRANDE BRETAGNE;19/10/2005;10;1,36;2005;Animation;GB;"[1;5[";GB;Automne
33;CHATEAU AMBULANT (LE);ETATS UNIS;12/01/2005;1;1,31;2005;Animation;US;"[1;5[";US;Hiver
34;COCCINELLE REVIENT (LA);ETATS UNIS;03/08/2005;8;1,31;2005;Comédie;US;"[1;5[";US;Été
35;KINGDOM OF HEAVEN;GRANDE BRETAGNE;04/05/2005;5;1,28;2005;Film historique / Guerre;GB;"[1;5[";GB;Printemps
36;CHEVALIERS DU CIEL (LES);FRANCE;09/11/2005;11;1,28;2005;Action;FR;"[1;5[";FR;Automne
37;MON PETIT DOIGT M'A DIT;FRANCE;13/04/2005;4;1,26;2005;Comédie;FR;"[1;5[";FR;Printemps
38;ALEXANDRE;GRANDE BRETAGNE / FRANCE / PAYS BAS;05/01/2005;1;1,25;2005;Péplum;GB;"[1;5[";GB;Hiver
39;SIN CITY;ETATS UNIS;01/06/2005;6;1,23;2005;Action;US;"[1;5[";US;Printemps
40;TRANSPORTEUR 2 (LE);FRANCE;03/08/2005;8;1,23;2005;Action;FR;"[1;5[";FR;Été
41;CONSTANTINE;ETATS UNIS;16/02/2005;2;1,22;2005;Horreur;US;"[1;5[";US;Hiver
42;BOUDU;FRANCE;09/03/2005;3;1,20;2005;Comédie;FR;"[1;5[";FR;Hiver
43;DERNIER TRAPPEUR (LE);FRANCE / CANADA / ALLEMAGNE / ITALIE;15/12/2004;12;1,19;2005;Aventure;FR;"[1;5[";FR;Automne
44;VAILLANT PIGEON DE COMBAT;GRANDE BRETAGNE;30/03/2005;3;1,16;2005;Animation;GB;"[1;5[";GB;Hiver
45;ROBOTS;ETATS UNIS;06/04/2005;4;1,10;2005;Animation;US;"[1;5[";US;Printemps
46;DE BATTRE MON CŒUR S'EST ARRETE;FRANCE;16/03/2005;3;1,01;2005;Drame;FR;"[1;5[";FR;Hiver
1;BRONZÉS 3 (LES) - AMIS POUR LA VIE;FRANCE;01/02/2006;2;10,23;2006;Comédie;FR;"[10;15[";FR;Hiver
2;AGE DE GLACE 2 (L');ETATS UNIS;05/04/2006;4;6,62;2006;Animation;US;"[5;10[";US;Printemps
3;PIRATES DES CARAIBES, LE SECRET DU COFFRE MAUDIT;ETATS UNIS;02/08/2006;8;6,51;2006;Fantastique;US;"[5;10[";US;Été
4;CAMPING;FRANCE;26/04/2006;4;5,47;2006;Comédie;FR;"[5;10[";FR;Printemps
5;DA VINCI CODE;ETATS UNIS;17/05/2006;5;4,16;2006;Policier/Thriller;US;"[1;5[";US;Printemps
6;ARTHUR ET LES MINIMOYS (EX : ARTHUR);FRANCE;13/12/2006;12;4,12;2006;Aventure;FR;"[1;5[";FR;Automne
7;JE VOUS TROUVE TRES BEAU (EX: LA FILLE DE L'EST);FRANCE;11/01/2006;1;3,51;2006;Comédie dramatique;FR;"[1;5[";FR;Hiver
8;PRETE-MOI TA MAIN (EX : RENT A WIFE);FRANCE;01/11/2006;11;3,45;2006;Comédie romantique;FR;"[1;5[";FR;Automne
9;DOUBLURE (LA);FRANCE / ITALIE;29/03/2006;3;3,08;2006;Comédie;FR;"[1;5[";FR;Hiver
10;INDIGÈNES;FRANCE / BELGIQUE;27/09/2006;9;3,02;2006;Drame;FR;"[1;5[";FR;Été
11;CASINO ROYALE;GRANDE BRETAGNE;22/11/2006;11;2,84;2006;Action;GB;"[1;5[";GB;Automne
12;X-MEN L'AFFRONTEMENT FINAL;ETATS UNIS;24/05/2006;5;2,81;2006;Super-héros;US;"[1;5[";US;Printemps
13;NE LE DIS À PERSONNE;FRANCE;01/11/2006;11;2,73;2006;Policier/Thriller;FR;"[1;5[";FR;Automne
14;OSS 117 - LE CAIRE, NID D'ESPIONS;FRANCE;19/04/2006;4;2,30;2006;Comédie d'action / d'espionnage;FR;"[1;5[";FR;Printemps
15;VOLVER;ESPAGNE;19/05/2006;5;2,30;2006;Drame;ESP;"[1;5[";Autre;Printemps
16;MONDE DE NARNIA (LE) - CHAPITRE 1 - LE LION, LA SORCIERE BLANCHE ET L'ARMOIRE MAGIQUE;ETATS UNIS;21/12/2005;12;2,26;2006;Fantasy;US;"[1;5[";US;Automne
17;DIABLE S'HABILLE EN PRADA (LE);ETATS UNIS;27/09/2006;9;2,16;2006;Comédie dramatique;US;"[1;5[";US;Été
18;CARS QUATRE ROUES;ETATS UNIS;14/06/2006;6;2,02;2006;Animation;US;"[1;5[";US;Printemps
19;FAUTEUILS D'ORCHESTRE;FRANCE;15/02/2006;2;1,93;2006;Comédie dramatique;FR;"[1;5[";FR;Hiver
20;MISSION : IMPOSSIBLE 3;ETATS UNIS;03/05/2006;5;1,91;2006;Action;US;"[1;5[";US;Printemps
21;BAMBI 2;ETATS UNIS;01/02/2006;2;1,85;2006;Animation;US;"[1;5[";US;Hiver
22;AZUR ET ASMAR;FRANCE / BELGIQUE / ESPAGNE / ITALIE;25/10/2006;10;1,61;2006;Animation;FR;"[1;5[";FR;Automne
23;ERAGON;ETATS UNIS;20/12/2006;12;1,58;2006;Fantasy;US;"[1;5[";US;Automne
24;MIAMI VICE - DEUX FLICS A MIAMI;ETATS UNIS;16/08/2006;8;1,57;2006;Policier/Thriller;US;"[1;5[";US;Été
25;REBELLES DE LA FORET (LES);ETATS UNIS;18/10/2006;10;1,57;2006;Animation;US;"[1;5[";US;Automne
26;NOS VOISINS LES HOMMES;ETATS UNIS;05/07/2006;7;1,51;2006;Animation;US;"[1;5[";US;Été
27;INFILTRES (LES);ETATS UNIS;29/11/2006;11;1,48;2006;Policier/Thriller;US;"[1;5[";US;Automne
28;NOS JOURS HEUREUX (EX:CES JOURS HEUREUX);FRANCE;28/06/2006;6;1,47;2006;Comédie;FR;"[1;5[";FR;Printemps
29;SUPERMAN RETURNS;ETATS UNIS;12/07/2006;7;1,46;2006;Comédie;US;"[1;5[";US;Été
30;ASTÉRIX ET LES VIKINGS;FRANCE;12/04/2006;4;1,37;2006;Animation;FR;"[1;5[";FR;Printemps
31;SECRET DE BROKEBACK MOUNTAIN (LE);ETATS UNIS;18/01/2006;1;1,32;2006;Drame;US;"[1;5[";US;Hiver
32;LORD OF WAR;ETATS UNIS;04/01/2006;1;1,31;2006;Drame;US;"[1;5[";US;Hiver
33;GARFIELD 2;ETATS UNIS;19/07/2006;7;1,27;2006;Animation;US;"[1;5[";US;Été
34;JEAN-PHILIPPE;FRANCE;05/04/2006;4;1,22;2006;Comédie;FR;"[1;5[";FR;Printemps
35;MARIE ANTOINETTE;ETATS UNIS;24/05/2006;5;1,22;2006;Film historique / Guerre;US;"[1;5[";US;Printemps
36;HORS DE PRIX;FRANCE;13/12/2006;12;1,21;2006;Comédie;FR;"[1;5[";FR;Automne
37;INSIDE MAN;ETATS UNIS;12/04/2006;4;1,18;2006;Policier/Thriller;US;"[1;5[";US;Printemps
38;MAISON DU BONHEUR (LA);FRANCE;07/06/2006;6;1,14;2006;Comédie;FR;"[1;5[";FR;Printemps
39;HAPPY FEET;ETATS UNIS;06/12/2006;12;1,10;2006;Animation;US;"[1;5[";US;Automne
40;IVRESSE DU POUVOIR (EX:LA COMÉDIE DU POUVOIR);FRANCE / ALLEMAGNE;22/02/2006;2;1,08;2006;Drame;FR;"[1;5[";FR;Hiver
41;SOURIS CITY;ETATS UNIS;29/11/2006;11;1,04;2006;Animation;US;"[1;5[";US;Automne
42;MUNICH;ETATS UNIS;25/01/2006;1;1,04;2006;Policier/Thriller;US;"[1;5[";US;Hiver
43;COMME T'Y ES BELLE !;FRANCE / GRANDE BRETAGNE / LUXEMBOURG / BELGIQUE;10/05/2006;5;1,04;2006;Comédie;FR;"[1;5[";FR;Printemps
1;RATATOUILLE;ETATS UNIS;01/08/2007;8;7,67;2007;Animation;US;"[5;10[";US;Été
2;SPIDER-MAN 3;ETATS UNIS;01/05/2007;5;6,32;2007;Super-héros;US;"[5;10[";US;Printemps
3;HARRY POTTER ET L'ORDRE DU PHENIX;GRANDE BRETAGNE;11/07/2007;7;6,21;2007;Fantastique;GB;"[5;10[";GB;Été
4;PIRATES DES CARAIBES, JUSQU'AU BOUT DU MONDE;ETATS UNIS;23/05/2007;5;5,64;2007;Fantastique;US;"[5;10[";US;Printemps
5;SHREK LE TROISIEME;ETATS UNIS;13/06/2007;6;5,55;2007;Animation;US;"[5;10[";US;Printemps
6;MOME (LA);France / REPUBLIQUE TCHEQUE / GRANDE BRETAGNE;14/02/2007;2;5,22;2007;Biopic/Biographie;FR;"[5;10[";FR;Hiver
7;TAXI 4;France;14/02/2007;2;4,55;2007;Comédie policière;FR;"[1;5[";FR;Hiver
8;SIMPSON LE FILM (LES);ETATS UNIS;25/07/2007;7;3,55;2007;Animation;US;"[1;5[";US;Été
9;ENSEMBLE, C'EST TOUT;France;21/03/2007;3;2,31;2007;Comédie dramatique;FR;"[1;5[";FR;Hiver
10;A LA CROISEE DES MONDES : LA BOUSSOLE D'OR;GRANDE BRETAGNE;05/12/2007;12;2,29;2007;Fantastique;GB;"[1;5[";GB;Automne
11;NUIT AU MUSEE (LA);ETATS UNIS;07/02/2007;2;2,27;2007;Fantastique;US;"[1;5[";US;Hiver
12;DIE HARD 4 RETOUR EN ENFER;ETATS UNIS;04/07/2007;7;2,27;2007;Action;US;"[1;5[";US;Été
13;ARTHUR ET LES MINIMOYS (EX : ARTHUR);FRANCE;13/12/2006;12;2,25;2007;Aventure;FR;"[1;5[";FR;Automne
14;IL ETAIT UNE FOIS;ETATS UNIS;28/11/2007;11;2,19;2007;Comédie;US;"[1;5[";US;Automne
15;TRANSFORMERS;ETATS UNIS;25/07/2007;7;1,98;2007;Science-fiction;US;"[1;5[";US;Été
16;JE SUIS UNE LEGENDE;ETATS UNIS;19/12/2007;12;1,88;2007;Science-fiction;US;"[1;5[";US;Automne
17;CŒUR DES HOMMES N°2 (LE);France;24/10/2007;10;1,81;2007;Comédie;FR;"[1;5[";FR;Automne
18;4 FANTASTIQUES ET LE SURFER D'ARGENT (LES);ETATS UNIS;08/08/2007;8;1,66;2007;Super-héros;US;"[1;5[";US;Été
19;UN SECRET;France / Allemagne;03/10/2007;10;1,65;2007;Drame;FR;"[1;5[";FR;Automne
20;300;ETATS UNIS;21/03/2007;3;1,65;2007;Péplum;US;"[1;5[";US;Hiver
21;OCEAN'S 13;ETATS UNIS;20/06/2007;6;1,64;2007;Policier/Thriller;US;"[1;5[";US;Printemps
22;VENGEANCE DANS LA PEAU (LA);GRANDE BRETAGNE;12/09/2007;9;1,54;2007;Espionnage;GB;"[1;5[";GB;Été
23;VIE DES AUTRES (LA);ALLEMAGNE;31/01/2007;1;1,54;2007;Drame;DEU;"[1;5[";Autre;Hiver
24;ROIS DE LA GLISSE (LES);ETATS UNIS;24/10/2007;10;1,51;2007;Animation;US;"[1;5[";US;Automne
25;RENARD ET L'ENFANT (LE);France;12/12/2007;12;1,49;2007;Aventure;FR;"[1;5[";FR;Automne
26;UN JOUR SUR TERRE;GRANDE BRETAGNE;10/10/2007;10;1,40;2007;Documentaire;GB;"[1;5[";GB;Automne
27;DIALOGUE AVEC MON JARDINIER;FRANCE;06/06/2007;6;1,36;2007;Comédie dramatique;FR;"[1;5[";FR;Printemps
28;PRIX À PAYER (LE);France;04/04/2007;4;1,34;2007;Comédie;FR;"[1;5[";FR;Printemps
29;BLOOD DIAMOND;ETATS UNIS;31/01/2007;1;1,31;2007;Drame;US;"[1;5[";US;Hiver
30;PERSÉPOLIS;FRANCE;27/06/2007;6;1,24;2007;Animation;FR;"[1;5[";FR;Printemps
31;99 FRANCS;France;26/09/2007;9;1,23;2007;Comédie dramatique;FR;"[1;5[";FR;Été
32;MOLIÈRE;France;31/01/2007;1;1,22;2007;Comédie;FR;"[1;5[";FR;Hiver
33;ERAGON;ETATS UNIS;20/12/2006;12;1,21;2007;Fantasy;US;"[1;5[";US;Automne
34;AMERICAN GANGSTER;ETATS UNIS;14/11/2007;11;1,17;2007;Policier/Thriller;US;"[1;5[";US;Automne
35;ROCKY BALBOA;ETATS UNIS;24/01/2007;1;1,15;2007;Drame;US;"[1;5[";US;Hiver
36;ZODIAC;ETATS UNIS;17/05/2007;5;1,13;2007;Policier/Thriller;US;"[1;5[";US;Printemps
37;FAILLE (LA);ETATS UNIS;09/05/2007;5;1,12;2007;Policier/Thriller;US;"[1;5[";US;Printemps
38;GHOST RIDER;ETATS UNIS;21/02/2007;2;1,07;2007;Fantastique;US;"[1;5[";US;Hiver
39;VACANCES DE MR BEAN (LES);GRANDE BRETAGNE;18/04/2007;4;1,06;2007;Comédie;GB;"[1;5[";GB;Printemps
40;SECRET DE TARABITHIA (LE);ETATS UNIS;28/03/2007;3;1,05;2007;Drame;US;"[1;5[";US;Hiver
1;BIENVENUE CHEZ LES CH'TIS;France;27/02/2008;2;20,44;2008;Comédie;FR;"[15;20[";FR;Hiver
2;ASTÉRIX AUX JEUX OLYMPIQUES;France / Allemagne / Espagne / Italie;30/01/2008;1;6,81;2008;Comédie;FR;"[5;10[";FR;Hiver
3;MADAGASCAR 2 : LA GRANDE EVASION;ETATS UNIS;03/12/2008;12;4,35;2008;Animation;US;"[1;5[";US;Automne
4;INDIANA JONES ET LE ROYAUME DU CRANE DE CRISTAL;ETATS UNIS;21/05/2008;5;4,21;2008;Aventure;US;"[1;5[";US;Printemps
5;QUANTUM OF SOLACE;GRANDE BRETAGNE;31/10/2008;10;3,70;2008;Espionnage;GB;"[1;5[";GB;Automne
6;KUNG FU PANDA;ETATS UNIS;09/07/2008;7;3,27;2008;Animation;US;"[1;5[";US;Été
7;WALL-E;ETATS UNIS;30/07/2008;7;3,17;2008;Animation;US;"[1;5[";US;Été
8;HANCOCK;ETATS UNIS;09/07/2008;7;3,07;2008;Fantastique;US;"[1;5[";US;Été
9;MONDE DE NARNIA (LE ) - CHAPITRE 2 - LE PRINCE CASPIAN;ETATS UNIS;25/06/2008;6;3,05;2008;Fantasy;US;"[1;5[";US;Printemps
10;THE DARK KNIGHT LE CHEVALIER NOIR;ETATS UNIS;13/08/2008;8;3,00;2008;Super-héros;US;"[1;5[";US;Été
11;DISCO;France;02/04/2008;4;2,35;2008;Comédie;FR;"[1;5[";FR;Printemps
12;MESRINE : L'INSTINCT DE MORT;France / Canada / Italie;22/10/2008;10;2,26;2008;Biopic/Biographie;FR;"[1;5[";FR;Automne
13;ENFIN VEUVE;France;16/01/2008;1;2,25;2008;Comédie dramatique;FR;"[1;5[";FR;Hiver
14;IRON MAN;ETATS UNIS;30/04/2008;4;2,04;2008;Super-héros;US;"[1;5[";US;Printemps
15;SEX AND THE CITY LE FILM;ETATS UNIS;28/05/2008;5;1,99;2008;Comédie romantique;US;"[1;5[";US;Printemps
16;BENJAMIN GATES ET LE LIVRE DES SECRETS;ETATS UNIS;13/02/2008;2;1,95;2008;Aventure;US;"[1;5[";US;Hiver
17;HIGH SCHOOL MUSICAL 3 : NOS ANNEES LYCEE;ETATS UNIS;22/10/2008;10;1,88;2008;Film musical /Comédie musicale;US;"[1;5[";US;Automne
18;VICKY CRISTINA BARCELONA;ESPAGNE;08/10/2008;10;1,88;2008;Comédie dramatique;ESP;"[1;5[";Autre;Automne
19;PARIS;France;20/02/2008;2;1,75;2008;Comédie dramatique;FR;"[1;5[";FR;Hiver
20;HORTON;ETATS UNIS;02/04/2008;4;1,68;2008;Animation;US;"[1;5[";US;Printemps
21;ENTRE LES MURS;France;24/09/2008;9;1,58;2008;Comédie dramatique;FR;"[1;5[";FR;Été
22;MAMMA MIA ! LE FILM;GRANDE BRETAGNE;10/09/2008;9;1,57;2008;Film musical /Comédie musicale;GB;"[1;5[";GB;Été
23;MOMIE : LA TOMBE DE L'EMPEREUR DRAGON (LA );ETATS UNIS;06/08/2008;8;1,56;2008;Fantastique;US;"[1;5[";US;Été
24;MESRINE : L'ENNEMI PUBLIC N°1;France;19/11/2008;11;1,50;2008;Biopic/Biographie;FR;"[1;5[";FR;Automne
25;INTO THE WILD;ETATS UNIS;09/01/2008;1;1,42;2008;Biopic/Biographie;US;"[1;5[";US;Hiver
26;ECHANGE (L');ETATS UNIS;12/11/2008;11;1,37;2008;Drame;US;"[1;5[";US;Automne
27;TRANSPORTEUR 3 (LE);FRANCE;26/11/2008;11;1,35;2008;Action;FR;"[1;5[";FR;Automne
28;FAUBOURG 36;France / Allemagne / REPUBLIQUE TCHEQUE;24/09/2008;9;1,32;2008;Film musical /Comédie musicale;FR;"[1;5[";FR;Été
29;PHENOMENES;ETATS UNIS;11/06/2008;6;1,30;2008;Catastrophe;US;"[1;5[";US;Printemps
30;CHIMPANZES DE L'ESPACE (LES);ETATS UNIS;22/10/2008;10;1,25;2008;Animation;US;"[1;5[";US;Automne
31;VOYAGE AU CENTRE DE LA TERRE 3D;ETATS UNIS;16/07/2008;7;1,21;2008;Aventure;US;"[1;5[";US;Été
32;PREMIER JOUR DU RESTE DE TA VIE (LE);France;23/07/2008;7;1,20;2008;Comédie dramatique;FR;"[1;5[";FR;Été
33;CRIME EST NOTRE AFFAIRE (LE);FRANCE;15/10/2008;10;1,18;2008;Comédie policière;FR;"[1;5[";FR;Automne
34;JUMPER;ETATS UNIS;20/02/2008;2;1,15;2008;Science-fiction;US;"[1;5[";US;Hiver
35;LARGO WINCH;FRANCE;17/12/2008;12;1,12;2008;Action;FR;"[1;5[";FR;Automne
36;CASH;France;23/04/2008;4;1,11;2008;Policier/Thriller;FR;"[1;5[";FR;Printemps
37;DEUX JOURS À TUER;France;30/04/2008;4;1,09;2008;Drame;FR;"[1;5[";FR;Printemps
38;WANTED : CHOISIS TON DESTIN;ETATS UNIS;16/07/2008;7;1,09;2008;Action;US;"[1;5[";US;Été
39;AGATHE CLÉRY;France;03/12/2008;12;1,09;2008;Film musical /Comédie musicale;FR;"[1;5[";FR;Automne
40;BURN AFTER READING;ETATS UNIS;10/12/2008;12;1,06;2008;Comédie;US;"[1;5[";US;Automne
41;JACKPOT;ETATS UNIS;07/05/2008;5;1,05;2008;Comédie romantique;US;"[1;5[";US;Printemps
42;SWEENEY TODD LE DIABOLIQUE BARBIER DE FLEET STREET;ETATS UNIS;23/01/2008;1;1,05;2008;Film musical /Comédie musicale;US;"[1;5[";US;Hiver
43;JE SUIS UNE LEGENDE;ETATS UNIS;19/12/2007;12;1,03;2008;Science-fiction;US;"[1;5[";US;Automne
44;INCROYABLE HULK (L');ETATS UNIS;23/07/2008;7;1,03;2008;Super-héros;US;"[1;5[";US;Été
45;TAKEN;France;27/02/2008;2;1,02;2008;Policier/Thriller;FR;"[1;5[";FR;Hiver
46;JOUR OU LA TERRE S'ARRETA (LE);ETATS UNIS;10/12/2008;12;1,00;2008;Science-fiction;US;"[1;5[";US;Automne
1;AGE DE GLACE 3 LE TEMPS DES DINOSAURES (L');ETATS UNIS;03/07/2009;7;7,83;2009;Animation;US;"[5;10[";US;Été
2;AVATAR;ETATS UNIS;16/12/2009;12;6,30;2009;Science-fiction;US;"[5;10[";US;Automne
3;HARRY POTTER ET LE PRINCE DE SANG-MELE;GRANDE BRETAGNE;15/07/2009;7;6,09;2009;Fantastique;GB;"[5;10[";GB;Été
4;PETIT NICOLAS (LE);FRANCE / BELGIQUE;30/09/2009;9;5,54;2009;Comédie;FR;"[5;10[";FR;Été
5;2012;ETATS UNIS;11/11/2009;11;4,58;2009;Catastrophe;US;"[1;5[";US;Automne
6;LA-HAUT;ETATS UNIS;29/07/2009;7;4,41;2009;Animation;US;"[1;5[";US;Été
7;TWILIGHT - CHAPITRE 2 : TENTATION;ETATS UNIS;18/11/2009;11;4,12;2009;Fantastique;US;"[1;5[";US;Automne
8;LOL (LAUGHING OUT LOUD);FRANCE;04/02/2009;2;3,65;2009;Comédie;FR;"[1;5[";FR;Hiver
9;ARTHUR ET LA VENGEANCE DE MALTAZARD;FRANCE;02/12/2009;12;3,53;2009;Aventure;FR;"[1;5[";FR;Automne
10;GRAN TORINO;ETATS UNIS;25/02/2009;2;3,44;2009;Drame;US;"[1;5[";US;Hiver
11;COCO;FRANCE;18/03/2009;3;2,93;2009;Comédie;FR;"[1;5[";FR;Hiver
12;VOLT, STAR MALGRE LUI;ETATS UNIS;04/02/2009;2;2,88;2009;Animation;US;"[1;5[";US;Hiver
13;INGLOURIOUS BASTERDS;ETATS UNIS;19/08/2009;8;2,83;2009;Film historique / Guerre;US;"[1;5[";US;Été
14;TWILIGHT - CHAPITRE 1 : FASCINATION;ETATS UNIS;07/01/2009;1;2,79;2009;Fantastique;US;"[1;5[";US;Hiver
15;SLUMDOG MILLIONAIRE;GRANDE BRETAGNE;14/01/2009;1;2,70;2009;Drame;GB;"[1;5[";GB;Hiver
16;ETRANGE HISTOIRE DE BENJAMIN BUTTON (L');ETATS UNIS;04/02/2009;2;2,61;2009;Fantastique;US;"[1;5[";US;Hiver
17;NEUILLY SA MERE !;FRANCE;12/08/2009;8;2,54;2009;Comédie;FR;"[1;5[";FR;Été
18;OSS 117 RIO NE RÉPOND PLUS;FRANCE;15/04/2009;4;2,52;2009;Comédie d'action / d'espionnage;FR;"[1;5[";FR;Printemps
19;TRANSFORMERS 2 LA REVANCHE;ETATS UNIS;24/06/2009;6;2,27;2009;Science-fiction;US;"[1;5[";US;Printemps
20;ANGES & DEMONS;ETATS UNIS;13/05/2009;5;2,04;2009;Policier/Thriller;US;"[1;5[";US;Printemps
21;VERY BAD TRIP;ETATS UNIS;24/06/2009;6;2,00;2009;Comédie;US;"[1;5[";US;Printemps
22;SAFARI;FRANCE;01/04/2009;4;1,96;2009;Comédie;FR;"[1;5[";FR;Printemps
23;X-MEN ORIGINS WOLVERINE;ETATS UNIS;29/04/2009;4;1,96;2009;Super-héros;US;"[1;5[";US;Printemps
24;LUCKY LUKE;FRANCE;21/10/2009;10;1,88;2009;Comédie;FR;"[1;5[";FR;Automne
25;DE L'AUTRE COTE DU LIT;FRANCE;07/01/2009;1;1,81;2009;Comédie;FR;"[1;5[";FR;Hiver
26;FAST & FURIOUS 4;ETATS UNIS;08/04/2009;4;1,78;2009;Action;US;"[1;5[";US;Printemps
27;PREMIÈRE ÉTOILE (LA);FRANCE;25/03/2009;3;1,65;2009;Comédie;FR;"[1;5[";FR;Hiver
28;CODE A CHANGÉ (LE);FRANCE;18/02/2009;2;1,63;2009;Comédie dramatique;FR;"[1;5[";FR;Hiver
29;NUIT AU MUSEE 2;ETATS UNIS;20/05/2009;5;1,63;2009;Fantastique;US;"[1;5[";US;Printemps
30;CONCERT (LE);FRANCE / BELGIQUE / ROUMANIE / ITALIE;04/11/2009;11;1,61;2009;Comédie dramatique;FR;"[1;5[";FR;Automne
31;PUBLIC ENEMIES;ETATS UNIS;08/07/2009;7;1,57;2009;Policier/Thriller;US;"[1;5[";US;Été
32;TERMINATOR RENAISSANCE;ETATS UNIS;03/06/2009;6;1,55;2009;Science-fiction;US;"[1;5[";US;Printemps
33;MICHAEL JACKSON'S THIS IS IT;ETATS UNIS;28/10/2009;10;1,55;2009;Documentaire;US;"[1;5[";US;Automne
34;PREDICTIONS;AUSTRALIE;01/04/2009;4;1,40;2009;Science-fiction;AUS;"[1;5[";Autre;Printemps
35;MISSION-G;ETATS UNIS;14/10/2009;10;1,37;2009;Animation;US;"[1;5[";US;Automne
36;DROLE DE NOEL DE SCROOGE (LE);ETATS UNIS;25/11/2009;11;1,28;2009;Animation;US;"[1;5[";US;Automne
37;MONSTRES CONTRE ALIENS;ETATS UNIS;01/04/2009;4;1,26;2009;Animation;US;"[1;5[";US;Printemps
38;MICMACS À TIRE-LARIGOT;FRANCE;28/10/2009;10;1,26;2009;Comédie;FR;"[1;5[";FR;Automne
39;INCOGNITO;FRANCE / BELGIQUE;29/04/2009;4;1,24;2009;Comédie;FR;"[1;5[";FR;Printemps
40;WELCOME;FRANCE;11/03/2009;3;1,22;2009;Drame;FR;"[1;5[";FR;Hiver
41;MILLENIUM;SUEDE;13/05/2009;5;1,22;2009;Policier/Thriller;SUE;"[1;5[";Autre;Printemps
42;UN PROPHÈTE;FRANCE / ITALIE;26/08/2009;8;1,22;2009;Drame;FR;"[1;5[";FR;Été
43;NOCES REBELLES (LES);ETATS UNIS;21/01/2009;1;1,14;2009;Drame;US;"[1;5[";US;Hiver
44;DESTINATION FINALE 4;ETATS UNIS;26/08/2009;8;1,11;2009;Horreur;US;"[1;5[";US;Été
45;DISTRICT 9;ETATS UNIS;16/09/2009;9;1,11;2009;Science-fiction;US;"[1;5[";US;Été
46;SEPT VIES;ETATS UNIS;14/01/2009;1;1,11;2009;Drame;US;"[1;5[";US;Hiver
47;BANLIEUE 13 - ULTIMATUM;FRANCE;18/02/2009;2;1,10;2009;Action;FR;"[1;5[";FR;Hiver
48;PARANORMAL ACTIVITY;ETATS UNIS;02/12/2009;12;1,05;2009;Horreur;US;"[1;5[";US;Automne
49;COCO AVANT CHANEL;FRANCE;22/04/2009;4;1,04;2009;Biopic/Biographie;FR;"[1;5[";FR;Printemps
50;17 ANS ENCORE;ETATS UNIS;22/04/2009;4;1,01;2009;Comédie;US;"[1;5[";US;Printemps
1;AVATAR;ETATS UNIS;16/12/2009;12;8,47;2010;Science-fiction;US;"[5;10[";US;Automne
2;HARRY POTTER ET LES RELIQUES DE LA MORT (1ÈRE PARTIE);GRANDE BRETAGNE;24/11/2010;11;5,51;2010;Fantastique;GB;"[5;10[";GB;Automne
3;PETITS MOUCHOIRS (LES);FRANCE;20/10/2010;10;5,33;2010;Comédie dramatique;FR;"[5;10[";FR;Automne
4;INCEPTION;GRANDE BRETAGNE;21/07/2010;7;4,94;2010;Science-fiction;GB;"[1;5[";GB;Été
5;SHREK 4, IL ÉTAIT UNE FIN;ETATS UNIS;30/06/2010;6;4,63;2010;Animation;US;"[1;5[";US;Printemps
6;ALICE AU PAYS DES MERVEILLES;ETATS UNIS;24/03/2010;3;4,43;2010;Fantastique;US;"[1;5[";US;Hiver
7;TOY STORY 3;ETATS UNIS;14/07/2010;7;4,26;2010;Animation;US;"[1;5[";US;Été
8;CAMPING 2;FRANCE;21/04/2010;4;3,98;2010;Comédie;FR;"[1;5[";FR;Printemps
9;TWILIGHT - CHAPITRE 3 : HESITATION;ETATS UNIS;07/07/2010;7;3,94;2010;Fantastique;US;"[1;5[";US;Été
10;ARNACOEUR (L');FRANCE;17/03/2010;3;3,78;2010;Comédie romantique;FR;"[1;5[";FR;Hiver
11;PRINCESSE ET LA GRENOUILLE (LA);ETATS UNIS;27/01/2010;1;3,66;2010;Animation;US;"[1;5[";US;Hiver
12;RAIPONCE;ETATS UNIS;01/12/2010;12;3,17;2010;Animation;US;"[1;5[";US;Automne
13;INVICTUS;ETATS UNIS;13/01/2010;1;3,17;2010;Biopic/Biographie;US;"[1;5[";US;Hiver
14;DES HOMMES ET DES DIEUX;FRANCE;08/09/2010;9;3,14;2010;Drame;FR;"[1;5[";FR;Été
15;SHUTTER ISLAND;ETATS UNIS;24/02/2010;2;3,11;2010;Policier/Thriller;US;"[1;5[";US;Hiver
16;ARTHUR 3 ET LA GUERRE DES DEUX MONDES;FRANCE;13/10/2010;10;3,10;2010;Aventure;FR;"[1;5[";FR;Automne
17;MOI, MOCHE ET MECHANT;ETATS UNIS;06/10/2010;10;3,01;2010;Animation;US;"[1;5[";US;Automne
18;RAFLE (LA);FRANCE / ALLEMAGNE / HONGRIE;10/03/2010;3;2,88;2010;Film historique / Guerre;FR;"[1;5[";FR;Hiver
19;OCÉANS;FRANCE;27/01/2010;1;2,86;2010;Documentaire;FR;"[1;5[";FR;Hiver
20;IRON MAN 2;ETATS UNIS;28/04/2010;4;2,58;2010;Super-héros;US;"[1;5[";US;Printemps
21;ROBIN DES BOIS;GRANDE BRETAGNE;12/05/2010;5;2,39;2010;Aventure;GB;"[1;5[";GB;Printemps
22;MONDE DE NARNIA - CHAPITRE 3 - L'ODYSSEE DU PASSEUR D'AURORE (LE);ETATS UNIS;08/12/2010;12;2,33;2010;Fantasy;US;"[1;5[";US;Automne
23;DRAGONS;ETATS UNIS;31/03/2010;3;2,32;2010;Animation;US;"[1;5[";US;Hiver
24;POTICHE;FRANCE / BELGIQUE;10/11/2010;11;2,25;2010;Comédie;FR;"[1;5[";FR;Automne
25;SHERLOCK HOLMES;GRANDE BRETAGNE;03/02/2010;2;2,15;2010;Aventure;GB;"[1;5[";GB;Hiver
26;PRINCE OF PERSIA : LES SABLES DU TEMPS;ETATS UNIS;26/05/2010;5;2,11;2010;Fantastique;US;"[1;5[";US;Printemps
27;CHOC DES TITANS (LE);GRANDE BRETAGNE;07/04/2010;4;1,87;2010;Péplum;GB;"[1;5[";GB;Printemps
28;NIGHT AND DAY;ETATS UNIS;28/07/2010;7;1,76;2010;Action;US;"[1;5[";US;Été
29;APPRENTI SORCIER (L');ETATS UNIS;11/08/2010;8;1,66;2010;Fantastique;US;"[1;5[";US;Été
30;EXPENDABLES : UNITE SPECIALE;ETATS UNIS;18/08/2010;8;1,65;2010;Fantastique;US;"[1;5[";US;Été
31;AVENTURES EXTRAORDINAIRES D'ADELE BLANC-SEC (LES);FRANCE;14/04/2010;4;1,63;2010;Comédie;FR;"[1;5[";FR;Printemps
32;SALT;ETATS UNIS;25/08/2010;8;1,47;2010;Comédie;US;"[1;5[";US;Été
33;MAC (LE);FRANCE;17/02/2010;2;1,46;2010;Comédie;FR;"[1;5[";FR;Hiver
34;THE SOCIAL NETWORK;ETATS UNIS;13/10/2010;10;1,44;2010;Biopic/Biographie;US;"[1;5[";US;Automne
35;TOUT CE QUI BRILLE;FRANCE;24/03/2010;3;1,42;2010;Comédie;FR;"[1;5[";FR;Hiver
36;VOYAGE EXTRAORDINAIRE DE SAMY (LE);Belgique;11/08/2010;8;1,31;2010;Animation;BEL;"[1;5[";Autre;Été
37;SEX AND THE CITY 2;ETATS UNIS;02/06/2010;6;1,31;2010;Comédie romantique;US;"[1;5[";US;Printemps
38;THE KARATE KID;ETATS UNIS;18/08/2010;8;1,28;2010;Comédie dramatique;US;"[1;5[";US;Été
39;TETE EN FRICHE (LA);FRANCE;02/06/2010;6;1,27;2010;Comédie dramatique;FR;"[1;5[";FR;Printemps
40;PERCY JACKSON LE VOLEUR DE FOUDRE;ETATS UNIS;10/02/2010;2;1,23;2010;Fantasy;US;"[1;5[";US;Hiver
41;FATAL;CANADA  / FRANCE;16/06/2010;6;1,21;2010;Comédie;CA;"[1;5[";Autre;Printemps
42;GAINSBOURG (VIE HEROÏQUE);FRANCE;20/01/2010;1;1,20;2010;Biopic/Biographie;FR;"[1;5[";FR;Hiver
43;VALENTINE'S DAY;ETATS UNIS;17/02/2010;2;1,19;2010;Comédie romantique;US;"[1;5[";US;Hiver
44;AGENCE TOUS RISQUES (L');ETATS UNIS;16/06/2010;6;1,19;2010;Action;US;"[1;5[";US;Printemps
45;DERNIER MAITRE DE L'AIR (LE);ETATS UNIS;28/07/2010;7;1,18;2010;Fantastique;US;"[1;5[";US;Été
46;HOMME QUI VOULAIT VIVRE SA VIE (L');FRANCE;03/11/2010;11;1,18;2010;Drame;FR;"[1;5[";FR;Automne
47;IMMORTEL (L');FRANCE;24/03/2010;3;1,13;2010;Policier/Thriller;FR;"[1;5[";FR;Hiver
48;AMOUR C'EST MIEUX A DEUX (L') (EX L'HOMME QUI MURMURAIT A L'OREILLE DES FEMMES);FRANCE;05/05/2010;5;1,12;2010;Comédie;FR;"[1;5[";FR;Printemps
49;ITALIEN (L');FRANCE;14/07/2010;7;1,11;2010;Comédie;FR;"[1;5[";FR;Été
50;THE TOWN;ETATS UNIS;15/09/2010;9;1,08;2010;Policier/Thriller;US;"[1;5[";US;Été
51;THE GHOST WRITER;FRANCE / ALLEMAGNE / GRANDE BRETAGNE;03/03/2010;3;1,05;2010;Policier/Thriller;FR;"[1;5[";FR;Hiver
1;INTOUCHABLES;FRANCE;02/11/2011;11;16,67;2011;Comédie dramatique;FR;"[15;20[";FR;Automne
2;RIEN A DECLARER;FRANCE / BELGIQUE;02/02/2011;2;8,10;2011;Comédie;FR;"[5;10[";FR;Hiver
3;HARRY POTTER ET LES RELIQUES DE LA MORT (2E PARTIE);GRANDE BRETAGNE;13/07/2011;7;6,52;2011;Fantastique;GB;"[5;10[";GB;Été
4;AVENTURES DE TINTIN : LE SECRET DE LA LICORNE (LES);ETATS UNIS;26/10/2011;10;5,37;2011;Aventure;US;"[5;10[";US;Automne
5;PIRATES DES CARAIBES : LA FONTAINE DE JOUVENCE;ETATS UNIS / GRANDE BRETAGNE;18/05/2011;5;4,67;2011;Fantastique;US;"[1;5[";US;Printemps
6;TWILIGHT - CHAPITRE 4 : REVELATION 1ÈRE PARTIE;ETATS UNIS;16/11/2011;11;3,61;2011;Fantastique;US;"[1;5[";US;Automne
7;CHAT POTTE (LE);ETATS UNIS;30/11/2011;11;3,43;2011;Animation;US;"[1;5[";US;Automne
8;PLANETE DES SINGES : LES ORIGINES (LA);ETATS UNIS;10/08/2011;8;3,26;2011;Science-fiction;US;"[1;5[";US;Été
9;DISCOURS D'UN ROI (LE);GRANDE BRETAGNE;02/02/2011;2;3,03;2011;Drame;GB;"[1;5[";GB;Hiver
10;CARS 2;ETATS UNIS;27/07/2011;7;2,91;2011;Animation;US;"[1;5[";US;Été
11;SCHTROUMPFS (LES);ETATS UNIS;03/08/2011;8;2,81;2011;Animation;US;"[1;5[";US;Été
12;KUNG FU PANDA 2;ETATS UNIS;15/06/2011;6;2,70;2011;Animation;US;"[1;5[";US;Printemps
13;BLACK SWAN;ETATS UNIS;09/02/2011;2;2,65;2011;Policier/Thriller;US;"[1;5[";US;Hiver
14;TRANSFORMERS 3 : LA FACE CACHEE DE LA LUNE;ETATS UNIS;29/06/2011;6;2,62;2011;Science-fiction;US;"[1;5[";US;Printemps
15;FAST & FURIOUS 5;ETATS UNIS;04/05/2011;5;2,52;2011;Action;US;"[1;5[";US;Printemps
16;VERY BAD TRIP 2;ETATS UNIS;25/05/2011;5;2,51;2011;Comédie;US;"[1;5[";US;Printemps
17;RIO;ETATS UNIS;13/04/2011;4;2,44;2011;Animation;US;"[1;5[";US;Printemps
18;POLISSE;FRANCE;19/10/2011;10;2,32;2011;Policier/Thriller;FR;"[1;5[";FR;Automne
19;FEMMES DU 6EME ETAGE (LES);FRANCE;16/02/2011;2;2,28;2011;Comédie;FR;"[1;5[";FR;Hiver
20;X-MEN : LE COMMENCEMENT;ETATS UNIS;01/06/2011;6;2,10;2011;Super-héros;US;"[1;5[";US;Printemps
21;AU-DELA;ETATS UNIS;19/01/2011;1;1,93;2011;Drame;US;"[1;5[";US;Hiver
22;HOLLYWOO;FRANCE;07/12/2011;12;1,88;2011;Comédie;FR;"[1;5[";FR;Automne
23;CASE DEPART;FRANCE;06/07/2011;7;1,77;2011;Policier/Thriller;FR;"[1;5[";FR;Été
24;MISSION : IMPOSSIBLE PROTOCOLE FANTOME;ETATS UNIS;14/12/2011;12;1,75;2011;Action;US;"[1;5[";US;Automne
25;UN MONSTRE A PARIS;FRANCE;12/10/2011;10;1,74;2011;Animation;FR;"[1;5[";FR;Automne
26;MINUIT A PARIS;ESPAGNE;11/05/2011;5;1,73;2011;Comédie;ESP;"[1;5[";Autre;Printemps
27;THOR;ETATS UNIS;27/04/2011;4;1,73;2011;Super-héros;US;"[1;5[";US;Printemps
28;THE ARTIST;FRANCE;12/10/2011;10;1,58;2011;Film musical /Comédie musicale;FR;"[1;5[";FR;Automne
29;NOUVELLE GUERRE DES BOUTONS (LA);FRANCE;21/09/2011;9;1,54;2011;Comédie;FR;"[1;5[";FR;Été
30;DRIVE;ETATS UNIS;05/10/2011;10;1,54;2011;Policier/Thriller;US;"[1;5[";US;Automne
31;TUCHE (LES);FRANCE;01/07/2011;7;1,53;2011;Comédie;FR;"[1;5[";FR;Été
32;SUPER 8;ETATS UNIS;03/08/2011;8;1,53;2011;Science-fiction;US;"[1;5[";US;Été
33;ELEVE DUCOBU (L');FRANCE;22/06/2011;6;1,49;2011;Comédie;FR;"[1;5[";FR;Printemps
34;GUERRE DES BOUTONS (LA);FRANCE;14/09/2011;9;1,48;2011;Comédie;FR;"[1;5[";FR;Été
35;BIENVENUE A BORD;FRANCE;05/10/2011;10;1,43;2011;Comédie;FR;"[1;5[";FR;Automne
36;TRUE GRIT;ETATS UNIS;23/02/2011;2;1,41;2011;Western;US;"[1;5[";US;Hiver
37;FILLE DU PUISATIER (LA);FRANCE;20/04/2011;4;1,40;2011;Comédie dramatique;FR;"[1;5[";FR;Printemps
38;ALVIN ET LES CHIPMUNKS 3;ETATS UNIS;21/12/2011;12;1,37;2011;Comédie;US;"[1;5[";US;Automne
39;LARGO WINCH 2;FRANCE / BELGIQUE / ALLEMAGNE;16/02/2011;2;1,34;2011;Action;FR;"[1;5[";FR;Hiver
40;TITEUF, LE FILM;FRANCE / SUISSE;06/04/2011;4;1,27;2011;Animation;FR;"[1;5[";FR;Printemps
41;RANGO;ETATS UNIS;23/03/2011;3;1,27;2011;Animation;US;"[1;5[";US;Hiver
42;FILS A JO (LE);FRANCE;12/01/2011;1;1,20;2011;Comédie;FR;"[1;5[";FR;Hiver
43;TRON L'HERITAGE;ETATS UNIS;09/02/2011;2;1,19;2011;Science-fiction;US;"[1;5[";US;Hiver
44;LYONNAIS (LES);FRANCE;30/11/2011;11;1,09;2011;Policier/Thriller;FR;"[1;5[";FR;Automne
45;REAL STEEL;ETATS UNIS;19/10/2011;10;1,08;2011;Science-fiction;US;"[1;5[";US;Automne
46;CAPTAIN AMERICA - FIRST AVENGER;ETATS UNIS;17/08/2011;8;1,07;2011;Super-héros;US;"[1;5[";US;Été
47;SCREAM 4;ETATS UNIS;13/04/2011;4;1,07;2011;Horreur;US;"[1;5[";US;Printemps
48;TIME OUT;ETATS UNIS;23/11/2011;11;1,05;2011;Science-fiction;US;"[1;5[";US;Automne
49;CHANCE DE MA VIE (LA);FRANCE / BELGIQUE;05/01/2011;1;1,04;2011;Comédie romantique;FR;"[1;5[";FR;Hiver
50;ANIMAUX & CIE;Allemagne;09/02/2011;2;1,03;2011;Animation;DEU;"[1;5[";Autre;Hiver
51;MA PART DU GATEAU;FRANCE;16/03/2011;3;1,03;2011;Comédie dramatique;FR;"[1;5[";FR;Hiver
52;SANS IDENTITE;ALLEMAGNE / GRANDE BRETAGNE / FRANCE;02/03/2011;3;1,00;2011;Policier/Thriller;DEU;"[1;5[";Autre;Hiver
53;DERNIER DES TEMPLIERS (LE);ETATS UNIS;12/01/2011;1;1,00;2011;Fantastique;US;"[1;5[";US;Hiver
1;SKYFALL;GRANDE BRETAGNE;26/10/2012;10;6,81;2012;Espionnage;GB;"[5;10[";GB;Automne
2;AGE DE GLACE 4 : LA DERIVE DES CONTINENTS (LA);ETATS UNIS;27/06/2012;6;6,64;2012;Animation;US;"[5;10[";US;Printemps
3;SUR LA PISTE DU MARSUPILAMI;FRANCE;04/04/2012;4;5,30;2012;Comédie;FR;"[5;10[";FR;Printemps
4;TWILIGHT - CHAPITRE 5 : REVELATION (2E PARTIE);ETATS UNIS;14/11/2012;11;4,43;2012;Fantastique;US;"[1;5[";US;Automne
5;AVENGERS;ETATS UNIS;25/04/2012;4;4,41;2012;Super-héros;US;"[1;5[";US;Printemps
6;THE DARK KNIGHT RISES;GRANDE BRETAGNE;25/07/2012;7;4,41;2012;Super-héros;GB;"[1;5[";GB;Été
7;VERITE SI JE MENS 3 (LA);FRANCE;01/02/2012;2;4,11;2012;Comédie;FR;"[1;5[";FR;Hiver
8;ASTÉRIX ET OBÉLIX : AU SERVICE DE SA MAJESTE;FRANCE  / HONGRIE / ESPAGNE / ITALIE;17/10/2012;10;3,79;2012;Comédie;FR;"[1;5[";FR;Automne
9;MADAGASCAR 3 : BONS BAISERS D'EUROPE;ETATS UNIS;06/06/2012;6;3,41;2012;Animation;US;"[1;5[";US;Printemps
10;HOBBIT : UN VOYAGE INATTENDU (LE);NOUVELLE ZELANDE;12/12/2012;12;3,35;2012;Fantasy;NZ;"[1;5[";Autre;Automne
11;PRÉNOM (LE);FRANCE;25/04/2012;4;3,34;2012;Comédie;FR;"[1;5[";FR;Printemps
12;REBELLE;ETATS UNIS;01/08/2012;8;3,16;2012;Animation;US;"[1;5[";US;Été
13;TAKEN 2;FRANCE;03/10/2012;10;2,91;2012;Policier/Thriller;FR;"[1;5[";FR;Automne
14;INTOUCHABLES;FRANCE;02/11/2011;11;2,83;2012;Comédie dramatique;FR;"[1;5[";FR;Automne
15;SEIGNEURS (LES);FRANCE;26/09/2012;9;2,73;2012;Comédie;FR;"[1;5[";FR;Été
16;THE AMAZING SPIDER-MAN;ETATS UNIS;04/07/2012;7;2,54;2012;Super-héros;US;"[1;5[";US;Été
17;SHERLOCK HOLMES : JEU D'OMBRES;GRANDE BRETAGNE;25/01/2012;1;2,39;2012;Aventure;GB;"[1;5[";GB;Hiver
18;CINQ LEGENDES (LES);ETATS UNIS;28/11/2012;11;2,28;2012;Animation;US;"[1;5[";US;Automne
19;INFIDÈLES (LES);FRANCE;29/02/2012;2;2,26;2012;Comédie;FR;"[1;5[";FR;Hiver
20;MEN IN BLACK 3;ETATS UNIS;23/05/2012;5;2,12;2012;Science-fiction;US;"[1;5[";US;Printemps
21;BLANCHE-NEIGE ET LE CHASSEUR;ETATS UNIS;13/06/2012;6;1,98;2012;Fantastique;US;"[1;5[";US;Printemps
22;EXPENDABLES 2 : UNITE SPECIALE;ETATS UNIS;22/08/2012;8;1,96;2012;Fantastique;US;"[1;5[";US;Été
23;DARK SHADOWS;GRANDE BRETAGNE;09/05/2012;5;1,95;2012;Fantastique;GB;"[1;5[";GB;Printemps
24;DE ROUILLE ET D'OS;FRANCE  / BELGIQUE;17/05/2012;5;1,91;2012;Drame;FR;"[1;5[";FR;Printemps
25;PROJET X;ETATS UNIS;14/03/2012;3;1,85;2012;Comédie;US;"[1;5[";US;Hiver
26;PROMETHEUS;ETATS UNIS;30/05/2012;5;1,84;2012;Science-fiction;US;"[1;5[";US;Printemps
27;STARS 80;FRANCE;24/10/2012;10;1,83;2012;Comédie;FR;"[1;5[";FR;Automne
28;UN BONHEUR N'ARRIVE JAMAIS SEUL;FRANCE;27/06/2012;6;1,83;2012;Comédie;FR;"[1;5[";FR;Printemps
29;CLOCLO;FRANCE  / BELGIQUE;14/03/2012;3;1,76;2012;Biopic/Biographie;FR;"[1;5[";FR;Hiver
30;HUNGER GAMES;ETATS UNIS;21/03/2012;3;1,73;2012;Science-fiction;US;"[1;5[";US;Hiver
31;THE ARTIST;FRANCE;12/10/2011;10;1,58;2012;Film musical /Comédie musicale;FR;"[1;5[";FR;Automne
32;AMERICAN PIE 4;ETATS UNIS;02/05/2012;5;1,52;2012;Comédie;US;"[1;5[";US;Printemps
33;J. EDGAR;ETATS UNIS;11/01/2012;1;1,45;2012;Biopic/Biographie;US;"[1;5[";US;Hiver
34;MINCE ALORS !;FRANCE;28/03/2012;3;1,45;2012;Comédie;FR;"[1;5[";FR;Hiver
35;ZARAFA;FRANCE;08/02/2012;2;1,44;2012;Animation;FR;"[1;5[";FR;Hiver
36;CLOCHETTE ET LE SECRET DES FEES;ETATS UNIS;10/10/2012;10;1,44;2012;Animation;US;"[1;5[";US;Automne
37;TED;ETATS UNIS;10/10/2012;10;1,38;2012;Animation;US;"[1;5[";US;Automne
38;VOYAGE AU CENTRE DE LA TERRE 2 : L'ILE MYSTERIEUSE;ETATS UNIS;15/02/2012;2;1,32;2012;Aventure;US;"[1;5[";US;Hiver
39;TOTAL RECALL : MEMOIRES PROGRAMMEES;ETATS UNIS;15/08/2012;8;1,28;2012;Science-fiction;US;"[1;5[";US;Été
40;UN PLAN PARFAIT;FRANCE  / BELGIQUE;31/10/2012;10;1,22;2012;Comédie;FR;"[1;5[";FR;Automne
41;MONDES DE RALPH (LES);ETATS UNIS;05/12/2012;12;1,20;2012;Animation;US;"[1;5[";US;Automne
42;DANS LA MAISON;FRANCE;10/10/2012;10;1,18;2012;Comédie dramatique;FR;"[1;5[";FR;Automne
43;DE L'AUTRE COTE DU PERIPH;FRANCE;19/12/2012;12;1,18;2012;Comédie;FR;"[1;5[";FR;Automne
44;ARGO;ETATS UNIS;07/11/2012;11;1,15;2012;Film historique / Guerre;US;"[1;5[";US;Automne
45;TITANIC;ETATS UNIS;07/01/1998;1;1,14;2012;Film historique / Guerre;US;"[1;5[";US;Hiver
46;SEXY DANCE 4 : MIAMI HEAT;ETATS UNIS;08/08/2012;8;1,13;2012;Film musical /Comédie musicale;US;"[1;5[";US;Été
47;MILLENIUM : LES HOMMES QUI N'AIMAIENT PAS LES FEMMES;ETATS UNIS;18/01/2012;1;1,08;2012;Policier/Thriller;US;"[1;5[";US;Hiver
48;ALVIN ET LES CHIPMUNKS 3;ETATS UNIS;21/12/2011;12;1,07;2012;Comédie;US;"[1;5[";US;Automne
49;BATTLESHIP;ETATS UNIS;11/04/2012;4;1,06;2012;Science-fiction;US;"[1;5[";US;Printemps
50;VACANCES DE DUCOBU (LES);FRANCE;25/04/2012;4;1,06;2012;Comédie;FR;"[1;5[";FR;Printemps
51;KAIRA (LES);FRANCE;11/07/2012;7;1,02;2012;Comédie;FR;"[1;5[";FR;Été
52;CHRONICLE;ETATS UNIS;22/02/2012;2;1,02;2012;Science-fiction;US;"[1;5[";US;Hiver
53;POPULAIRE;FRANCE  / BELGIQUE;28/11/2012;11;1,01;2012;Comédie;FR;"[1;5[";FR;Automne
1;INTOUCHABLES;FRANCE;02/11/2011;11;16,67;2011;Comédie dramatique;FR;"[15;20[";FR;Automne
2;RIEN A DECLARER;FRANCE / BELGIQUE;02/02/2011;2;8,10;2011;Comédie;FR;"[5;10[";FR;Hiver
3;HARRY POTTER ET LES RELIQUES DE LA MORT (2E PARTIE);GRANDE BRETAGNE;13/07/2011;7;6,52;2011;Fantastique;GB;"[5;10[";GB;Été
4;AVENTURES DE TINTIN : LE SECRET DE LA LICORNE (LES);ETATS UNIS;26/10/2011;10;5,37;2011;Aventure;US;"[5;10[";US;Automne
5;PIRATES DES CARAIBES : LA FONTAINE DE JOUVENCE;ETATS UNIS / GRANDE BRETAGNE;18/05/2011;5;4,67;2011;Fantastique;US;"[1;5[";US;Printemps
6;TWILIGHT - CHAPITRE 4 : REVELATION 1ÈRE PARTIE;ETATS UNIS;16/11/2011;11;3,61;2011;Fantastique;US;"[1;5[";US;Automne
7;CHAT POTTE (LE);ETATS UNIS;30/11/2011;11;3,43;2011;Animation;US;"[1;5[";US;Automne
8;PLANETE DES SINGES : LES ORIGINES (LA);ETATS UNIS;10/08/2011;8;3,26;2011;Science-fiction;US;"[1;5[";US;Été
9;DISCOURS D'UN ROI (LE);GRANDE BRETAGNE;02/02/2011;2;3,03;2011;Drame;GB;"[1;5[";GB;Hiver
10;CARS 2;ETATS UNIS;27/07/2011;7;2,91;2011;Animation;US;"[1;5[";US;Été
11;SCHTROUMPFS (LES);ETATS UNIS;03/08/2011;8;2,81;2011;Animation;US;"[1;5[";US;Été
12;KUNG FU PANDA 2;ETATS UNIS;15/06/2011;6;2,70;2011;Animation;US;"[1;5[";US;Printemps
13;BLACK SWAN;ETATS UNIS;09/02/2011;2;2,65;2011;Policier/Thriller;US;"[1;5[";US;Hiver
14;TRANSFORMERS 3 : LA FACE CACHEE DE LA LUNE;ETATS UNIS;29/06/2011;6;2,62;2011;Science-fiction;US;"[1;5[";US;Printemps
15;FAST & FURIOUS 5;ETATS UNIS;04/05/2011;5;2,52;2011;Action;US;"[1;5[";US;Printemps
16;VERY BAD TRIP 2;ETATS UNIS;25/05/2011;5;2,51;2011;Comédie;US;"[1;5[";US;Printemps
17;RIO;ETATS UNIS;13/04/2011;4;2,44;2011;Animation;US;"[1;5[";US;Printemps
18;POLISSE;FRANCE;19/10/2011;10;2,32;2011;Policier/Thriller;FR;"[1;5[";FR;Automne
19;FEMMES DU 6EME ETAGE (LES);FRANCE;16/02/2011;2;2,28;2011;Comédie;FR;"[1;5[";FR;Hiver
20;X-MEN : LE COMMENCEMENT;ETATS UNIS;01/06/2011;6;2,10;2011;Super-héros;US;"[1;5[";US;Printemps
21;AU-DELA;ETATS UNIS;19/01/2011;1;1,93;2011;Drame;US;"[1;5[";US;Hiver
22;HOLLYWOO;FRANCE;07/12/2011;12;1,88;2011;Comédie;FR;"[1;5[";FR;Automne
23;CASE DEPART;FRANCE;06/07/2011;7;1,77;2011;Policier/Thriller;FR;"[1;5[";FR;Été
24;MISSION : IMPOSSIBLE PROTOCOLE FANTOME;ETATS UNIS;14/12/2011;12;1,75;2011;Action;US;"[1;5[";US;Automne
25;UN MONSTRE A PARIS;FRANCE;12/10/2011;10;1,74;2011;Animation;FR;"[1;5[";FR;Automne
26;MINUIT A PARIS;ESPAGNE;11/05/2011;5;1,73;2011;Comédie;ESP;"[1;5[";Autre;Printemps
27;THOR;ETATS UNIS;27/04/2011;4;1,73;2011;Super-héros;US;"[1;5[";US;Printemps
28;THE ARTIST;FRANCE;12/10/2011;10;1,58;2011;Film musical /Comédie musicale;FR;"[1;5[";FR;Automne
29;NOUVELLE GUERRE DES BOUTONS (LA);FRANCE;21/09/2011;9;1,54;2011;Comédie;FR;"[1;5[";FR;Été
30;DRIVE;ETATS UNIS;05/10/2011;10;1,54;2011;Policier/Thriller;US;"[1;5[";US;Automne
31;TUCHE (LES);FRANCE;01/07/2011;7;1,53;2011;Comédie;FR;"[1;5[";FR;Été
32;SUPER 8;ETATS UNIS;03/08/2011;8;1,53;2011;Science-fiction;US;"[1;5[";US;Été
33;ELEVE DUCOBU (L');FRANCE;22/06/2011;6;1,49;2011;Comédie;FR;"[1;5[";FR;Printemps
34;GUERRE DES BOUTONS (LA);FRANCE;14/09/2011;9;1,48;2011;Comédie;FR;"[1;5[";FR;Été
35;BIENVENUE A BORD;FRANCE;05/10/2011;10;1,43;2011;Comédie;FR;"[1;5[";FR;Automne
36;TRUE GRIT;ETATS UNIS;23/02/2011;2;1,41;2011;Western;US;"[1;5[";US;Hiver
37;FILLE DU PUISATIER (LA);FRANCE;20/04/2011;4;1,40;2011;Comédie dramatique;FR;"[1;5[";FR;Printemps
38;ALVIN ET LES CHIPMUNKS 3;ETATS UNIS;21/12/2011;12;1,37;2011;Comédie;US;"[1;5[";US;Automne
39;LARGO WINCH 2;FRANCE / BELGIQUE / ALLEMAGNE;16/02/2011;2;1,34;2011;Action;FR;"[1;5[";FR;Hiver
40;TITEUF, LE FILM;FRANCE / SUISSE;06/04/2011;4;1,27;2011;Animation;FR;"[1;5[";FR;Printemps
41;RANGO;ETATS UNIS;23/03/2011;3;1,27;2011;Animation;US;"[1;5[";US;Hiver
42;FILS A JO (LE);FRANCE;12/01/2011;1;1,20;2011;Comédie;FR;"[1;5[";FR;Hiver
43;TRON L'HERITAGE;ETATS UNIS;09/02/2011;2;1,19;2011;Science-fiction;US;"[1;5[";US;Hiver
44;LYONNAIS (LES);FRANCE;30/11/2011;11;1,09;2011;Policier/Thriller;FR;"[1;5[";FR;Automne
45;REAL STEEL;ETATS UNIS;19/10/2011;10;1,08;2011;Science-fiction;US;"[1;5[";US;Automne
46;CAPTAIN AMERICA - FIRST AVENGER;ETATS UNIS;17/08/2011;8;1,07;2011;Super-héros;US;"[1;5[";US;Été
47;SCREAM 4;ETATS UNIS;13/04/2011;4;1,07;2011;Horreur;US;"[1;5[";US;Printemps
48;TIME OUT;ETATS UNIS;23/11/2011;11;1,05;2011;Science-fiction;US;"[1;5[";US;Automne
49;CHANCE DE MA VIE (LA);FRANCE / BELGIQUE;05/01/2011;1;1,04;2011;Comédie romantique;FR;"[1;5[";FR;Hiver
50;ANIMAUX & CIE;Allemagne;09/02/2011;2;1,03;2011;Animation;DEU;"[1;5[";Autre;Hiver
51;MA PART DU GATEAU;FRANCE;16/03/2011;3;1,03;2011;Comédie dramatique;FR;"[1;5[";FR;Hiver
52;SANS IDENTITE;ALLEMAGNE / GRANDE BRETAGNE / FRANCE;02/03/2011;3;1,00;2011;Policier/Thriller;DEU;"[1;5[";Autre;Hiver
53;DERNIER DES TEMPLIERS (LE);ETATS UNIS;12/01/2011;1;1,00;2011;Fantastique;US;"[1;5[";US;Hiver
1;SKYFALL;GRANDE BRETAGNE;26/10/2012;10;6,81;2012;Espionnage;GB;"[5;10[";GB;Automne
2;AGE DE GLACE 4 : LA DERIVE DES CONTINENTS (LA);ETATS UNIS;27/06/2012;6;6,64;2012;Animation;US;"[5;10[";US;Printemps
3;SUR LA PISTE DU MARSUPILAMI;FRANCE;04/04/2012;4;5,30;2012;Comédie;FR;"[5;10[";FR;Printemps
4;TWILIGHT - CHAPITRE 5 : REVELATION (2E PARTIE);ETATS UNIS;14/11/2012;11;4,43;2012;Fantastique;US;"[1;5[";US;Automne
5;AVENGERS;ETATS UNIS;25/04/2012;4;4,41;2012;Super-héros;US;"[1;5[";US;Printemps
6;THE DARK KNIGHT RISES;GRANDE BRETAGNE;25/07/2012;7;4,41;2012;Super-héros;GB;"[1;5[";GB;Été
7;VERITE SI JE MENS 3 (LA);FRANCE;01/02/2012;2;4,11;2012;Comédie;FR;"[1;5[";FR;Hiver
8;ASTÉRIX ET OBÉLIX : AU SERVICE DE SA MAJESTE;FRANCE  / HONGRIE / ESPAGNE / ITALIE;17/10/2012;10;3,79;2012;Comédie;FR;"[1;5[";FR;Automne
9;MADAGASCAR 3 : BONS BAISERS D'EUROPE;ETATS UNIS;06/06/2012;6;3,41;2012;Animation;US;"[1;5[";US;Printemps
10;HOBBIT : UN VOYAGE INATTENDU (LE);NOUVELLE ZELANDE;12/12/2012;12;3,35;2012;Fantasy;NZ;"[1;5[";Autre;Automne
11;PRÉNOM (LE);FRANCE;25/04/2012;4;3,34;2012;Comédie;FR;"[1;5[";FR;Printemps
12;REBELLE;ETATS UNIS;01/08/2012;8;3,16;2012;Animation;US;"[1;5[";US;Été
13;TAKEN 2;FRANCE;03/10/2012;10;2,91;2012;Policier/Thriller;FR;"[1;5[";FR;Automne
14;INTOUCHABLES;FRANCE;02/11/2011;11;2,83;2012;Comédie dramatique;FR;"[1;5[";FR;Automne
15;SEIGNEURS (LES);FRANCE;26/09/2012;9;2,73;2012;Comédie;FR;"[1;5[";FR;Été
16;THE AMAZING SPIDER-MAN;ETATS UNIS;04/07/2012;7;2,54;2012;Super-héros;US;"[1;5[";US;Été
17;SHERLOCK HOLMES : JEU D'OMBRES;GRANDE BRETAGNE;25/01/2012;1;2,39;2012;Aventure;GB;"[1;5[";GB;Hiver
18;CINQ LEGENDES (LES);ETATS UNIS;28/11/2012;11;2,28;2012;Animation;US;"[1;5[";US;Automne
19;INFIDÈLES (LES);FRANCE;29/02/2012;2;2,26;2012;Comédie;FR;"[1;5[";FR;Hiver
20;MEN IN BLACK 3;ETATS UNIS;23/05/2012;5;2,12;2012;Science-fiction;US;"[1;5[";US;Printemps
21;BLANCHE-NEIGE ET LE CHASSEUR;ETATS UNIS;13/06/2012;6;1,98;2012;Fantastique;US;"[1;5[";US;Printemps
22;EXPENDABLES 2 : UNITE SPECIALE;ETATS UNIS;22/08/2012;8;1,96;2012;Fantastique;US;"[1;5[";US;Été
23;DARK SHADOWS;GRANDE BRETAGNE;09/05/2012;5;1,95;2012;Fantastique;GB;"[1;5[";GB;Printemps
24;DE ROUILLE ET D'OS;FRANCE  / BELGIQUE;17/05/2012;5;1,91;2012;Drame;FR;"[1;5[";FR;Printemps
25;PROJET X;ETATS UNIS;14/03/2012;3;1,85;2012;Comédie;US;"[1;5[";US;Hiver
26;PROMETHEUS;ETATS UNIS;30/05/2012;5;1,84;2012;Science-fiction;US;"[1;5[";US;Printemps
27;STARS 80;FRANCE;24/10/2012;10;1,83;2012;Comédie;FR;"[1;5[";FR;Automne
28;UN BONHEUR N'ARRIVE JAMAIS SEUL;FRANCE;27/06/2012;6;1,83;2012;Comédie;FR;"[1;5[";FR;Printemps
29;CLOCLO;FRANCE  / BELGIQUE;14/03/2012;3;1,76;2012;Biopic/Biographie;FR;"[1;5[";FR;Hiver
30;HUNGER GAMES;ETATS UNIS;21/03/2012;3;1,73;2012;Science-fiction;US;"[1;5[";US;Hiver
31;THE ARTIST;FRANCE;12/10/2011;10;1,58;2012;Film musical /Comédie musicale;FR;"[1;5[";FR;Automne
32;AMERICAN PIE 4;ETATS UNIS;02/05/2012;5;1,52;2012;Comédie;US;"[1;5[";US;Printemps
33;J. EDGAR;ETATS UNIS;11/01/2012;1;1,45;2012;Biopic/Biographie;US;"[1;5[";US;Hiver
34;MINCE ALORS !;FRANCE;28/03/2012;3;1,45;2012;Comédie;FR;"[1;5[";FR;Hiver
35;ZARAFA;FRANCE;08/02/2012;2;1,44;2012;Animation;FR;"[1;5[";FR;Hiver
36;CLOCHETTE ET LE SECRET DES FEES;ETATS UNIS;10/10/2012;10;1,44;2012;Animation;US;"[1;5[";US;Automne
37;TED;ETATS UNIS;10/10/2012;10;1,38;2012;Animation;US;"[1;5[";US;Automne
38;VOYAGE AU CENTRE DE LA TERRE 2 : L'ILE MYSTERIEUSE;ETATS UNIS;15/02/2012;2;1,32;2012;Aventure;US;"[1;5[";US;Hiver
39;TOTAL RECALL : MEMOIRES PROGRAMMEES;ETATS UNIS;15/08/2012;8;1,28;2012;Science-fiction;US;"[1;5[";US;Été
40;UN PLAN PARFAIT;FRANCE  / BELGIQUE;31/10/2012;10;1,22;2012;Comédie;FR;"[1;5[";FR;Automne
41;MONDES DE RALPH (LES);ETATS UNIS;05/12/2012;12;1,20;2012;Animation;US;"[1;5[";US;Automne
42;DANS LA MAISON;FRANCE;10/10/2012;10;1,18;2012;Comédie dramatique;FR;"[1;5[";FR;Automne
43;DE L'AUTRE COTE DU PERIPH;FRANCE;19/12/2012;12;1,18;2012;Comédie;FR;"[1;5[";FR;Automne
44;ARGO;ETATS UNIS;07/11/2012;11;1,15;2012;Film historique / Guerre;US;"[1;5[";US;Automne
45;TITANIC;ETATS UNIS;07/01/1998;1;1,14;2012;Film historique / Guerre;US;"[1;5[";US;Hiver
46;SEXY DANCE 4 : MIAMI HEAT;ETATS UNIS;08/08/2012;8;1,13;2012;Film musical /Comédie musicale;US;"[1;5[";US;Été
47;MILLENIUM : LES HOMMES QUI N'AIMAIENT PAS LES FEMMES;ETATS UNIS;18/01/2012;1;1,08;2012;Policier/Thriller;US;"[1;5[";US;Hiver
48;ALVIN ET LES CHIPMUNKS 3;ETATS UNIS;21/12/2011;12;1,07;2012;Comédie;US;"[1;5[";US;Automne
49;BATTLESHIP;ETATS UNIS;11/04/2012;4;1,06;2012;Science-fiction;US;"[1;5[";US;Printemps
50;VACANCES DE DUCOBU (LES);FRANCE;25/04/2012;4;1,06;2012;Comédie;FR;"[1;5[";FR;Printemps
51;KAIRA (LES);FRANCE;11/07/2012;7;1,02;2012;Comédie;FR;"[1;5[";FR;Été
52;CHRONICLE;ETATS UNIS;22/02/2012;2;1,02;2012;Science-fiction;US;"[1;5[";US;Hiver
53;POPULAIRE;FRANCE  / BELGIQUE;28/11/2012;11;1,01;2012;Comédie;FR;"[1;5[";FR;Automne
1;MOI, MOCHE ET MECHANT 2;ETATS UNIS;26/06/2013;6;4,65;2013;Animation;US;"[1;5[";US;Printemps
2;IRON MAN 3;ETATS UNIS;24/04/2013;4;4,31;2013;Super-héros;US;"[1;5[";US;Printemps
3;DJANGO UNCHAINED;ETATS UNIS;16/01/2013;1;4,31;2013;Western;US;"[1;5[";US;Hiver
4;GRAVITY;GRANDE BRETAGNE;23/10/2013;10;4,08;2013;Aventure;GB;"[1;5[";GB;Automne
5;PROFS (LES);FRANCE;17/04/2013;4;3,95;2013;Comédie;FR;"[1;5[";FR;Printemps
6;HOBBIT : LA DESOLATION DE SMAUG (LE);ETATS UNIS;11/12/2013;12;3,80;2013;Fantasy;US;"[1;5[";US;Automne
7;REINE DES NEIGES (LA);ETATS UNIS;04/12/2013;12;3,80;2013;Animation;US;"[1;5[";US;Automne
8;INSAISISSABLES;ETATS UNIS;31/07/2013;7;3,01;2013;Policier/Thriller;US;"[1;5[";US;Été
9;FAST & FURIOUS 6;ETATS UNIS;22/05/2013;5;2,99;2013;Action;US;"[1;5[";US;Printemps
10;HUNGER GAMES : L'EMBRASEMENT;ETATS UNIS;27/11/2013;11;2,92;2013;Science-fiction;US;"[1;5[";US;Automne
11;TURBO;ETATS UNIS;16/10/2013;10;2,47;2013;Animation;US;"[1;5[";US;Automne
12;WORLD WAR Z;ETATS UNIS;03/07/2013;7;2,46;2013;Science-fiction;US;"[1;5[";US;Été
13;CROODS (LES);ETATS UNIS;10/04/2013;4;2,38;2013;Animation;US;"[1;5[";US;Printemps
14;MAN OF STEEL;CANADA;19/06/2013;6;2,32;2013;Super-héros;CA;"[1;5[";Autre;Printemps
15;THOR : LE MONDE DES TENEBRES;ETATS UNIS;30/10/2013;10;2,29;2013;Super-héros;US;"[1;5[";US;Automne
16;SCHTROUMPFS 2 (LES);ETATS UNIS;31/07/2013;7;2,25;2013;Animation;US;"[1;5[";US;Été
17;GARÇONS ET GUILLAUME, A TABLE ! (LES);FRANCE;20/11/2013;11;2,20;2013;Comédie;FR;"[1;5[";FR;Automne
18;MONSTRES ACADEMY;ETATS UNIS;10/07/2013;7;2,08;2013;Animation;US;"[1;5[";US;Été
19;BOULE ET BILL;FRANCE / BELGIQUE / LUXEMBOURG;27/02/2013;2;2,01;2013;Comédie;FR;"[1;5[";FR;Hiver
20;WOLVERINE : LE COMBAT DE L'IMMORTEL;ETATS UNIS;24/07/2013;7;1,99;2013;Super-héros;US;"[1;5[";US;Été
21;9 MOIS FERME;FRANCE;16/10/2013;10;1,99;2013;Comédie;FR;"[1;5[";FR;Automne
22;MAJORDOME (LE);ETATS UNIS;11/09/2013;9;1,95;2013;Film historique / Guerre;US;"[1;5[";US;Été
23;VERY BAD TRIP 3;ETATS UNIS;29/05/2013;5;1,93;2013;Comédie;US;"[1;5[";US;Printemps
24;DIE HARD : BELLE JOURNEE POUR MOURIR;ETATS UNIS;20/02/2013;2;1,83;2013;Action;US;"[1;5[";US;Hiver
25;JAPPELOUP;FRANCE  / CANADA;13/03/2013;3;1,82;2013;Drame;FR;"[1;5[";FR;Hiver
26;EYJAFJALLOJOKULL;FRANCE;02/10/2013;10;1,77;2013;Comédie;FR;"[1;5[";FR;Automne
27;HOTEL TRANSYLVANIE;ETATS UNIS;13/02/2013;2;1,70;2013;Animation;US;"[1;5[";US;Hiver
28;BELLE ET SEBASTIEN;FRANCE;18/12/2013;12;1,68;2013;Aventure;FR;"[1;5[";FR;Automne
29;GAMINS (LES);FRANCE;17/04/2013;4;1,65;2013;Comédie;FR;"[1;5[";FR;Printemps
30;PLANES;ETATS UNIS;09/10/2013;10;1,63;2013;Animation;US;"[1;5[";US;Automne
31;GATSBY LE MAGNIFIQUE;AUSTRALIE;15/05/2013;5;1,58;2013;Drame;AUS;"[1;5[";Autre;Printemps
32;MONDE FANTASTIQUE D'OZ (LE);ETATS UNIS;13/03/2013;3;1,56;2013;Fantasy;US;"[1;5[";US;Hiver
33;ELYSIUM;ETATS UNIS;14/08/2013;8;1,52;2013;Science-fiction;US;"[1;5[";US;Été
34;PERCY JACKSON : LA MER DES MONSTRES;ETATS UNIS;14/08/2013;8;1,47;2013;Fantasy;US;"[1;5[";US;Été
35;BLUE JASMINE;ETATS UNIS;25/09/2013;9;1,43;2013;Comédie dramatique;US;"[1;5[";US;Été
36;20 ANS D'ECART;FRANCE;06/03/2013;3;1,40;2013;Comédie romantique;FR;"[1;5[";FR;Hiver
37;LINCOLN;ETATS UNIS;30/01/2013;1;1,36;2013;Film historique / Guerre;US;"[1;5[";US;Hiver
38;OBLIVION;ETATS UNIS;10/04/2013;4;1,33;2013;Science-fiction;US;"[1;5[";US;Printemps
39;AFTER EARTH;ETATS UNIS;05/06/2013;6;1,28;2013;Science-fiction;US;"[1;5[";US;Printemps
40;CASSE-TETE CHINOIS ;FRANCE / BELGIQUE;04/12/2013;12;1,27;2013;Comédie;FR;"[1;5[";FR;Automne
41;CAGE DOREE (LA);FRANCE;24/04/2013;4;1,23;2013;Comédie;FR;"[1;5[";FR;Printemps
42;EPIC : LA BATAILLE DU ROYAUME SECRET;ETATS UNIS;22/05/2013;5;1,21;2013;Animation;US;"[1;5[";US;Printemps
43;HOBBIT : UN VOYAGE INATTENDU (LE);NOUVELLE ZELANDE;12/12/2012;12;1,18;2013;Fantasy;NZ;"[1;5[";Autre;Automne
44;SUR LE CHEMIN DE L'ECOLE;FRANCE;25/09/2013;9;1,17;2013;Documentaire;FR;"[1;5[";FR;Été
45;ALCESTE A BICYCLETTE;FRANCE;16/01/2013;1;1,17;2013;Comédie;FR;"[1;5[";FR;Hiver
46;CONJURING, LES DOSSIERS WARREN;ETATS UNIS;21/08/2013;8;1,16;2013;Horreur;US;"[1;5[";US;Été
47;LONE RANGER, NAISSANCE D'UN HEROS;ETATS UNIS;07/08/2013;8;1,15;2013;Western;US;"[1;5[";US;Été
48;PRISONERS;ETATS UNIS;09/10/2013;10;1,13;2013;Policier/Thriller;US;"[1;5[";US;Automne
49;VIVE LA FRANCE;FRANCE;20/02/2013;2;1,11;2013;Comédie;FR;"[1;5[";FR;Hiver
50;MOBIUS;FRANCE / LUXEMBOURG / BELGIQUE;27/02/2013;2;1,10;2013;Espionnage;FR;"[1;5[";FR;Hiver
51;DE L'AUTRE COTE DU PERIPH;FRANCE;19/12/2012;12;1,08;2013;Comédie;FR;"[1;5[";FR;Automne
52;HAPPINESS THERAPY;ETATS UNIS;30/01/2013;1;1,07;2013;Comédie dramatique;US;"[1;5[";US;Hiver
53;PAULETTE;FRANCE;16/01/2013;1;1,03;2013;Comédie;FR;"[1;5[";FR;Hiver
54;PACIFIC RIM;ETATS UNIS;17/07/2013;7;1,02;2013;Science-fiction;US;"[1;5[";US;Été
55;LOUP DE WALL STREET (LE);ETATS UNIS;25/12/2013;12;1,02;2013;Biopic/Biographie;US;"[1;5[";US;Automne
1;QU'EST-CE QU'ON A FAIT AU BON DIEU ?;FRANCE;16/04/2014;4;12,34;2014;Comédie;FR;"[10;15[";FR;Printemps
2;SUPERCONDRIAQUE;FRANCE;26/02/2014;2;5,27;2014;Comédie;FR;"[5;10[";FR;Hiver
3;LUCY;FRANCE;06/08/2014;8;5,20;2014;Science-fiction;FR;"[5;10[";FR;Été
4;LE HOBBIT : LA BATAILLE DES CINQ ARMÉES ;NOUVELLE ZELANDE;10/12/2014;12;4,07;2014;Fantasy;NZ;"[1;5[";Autre;Automne
5;LA PLANETE DES SINGES : L'AFFRONTEMENT ;ETATS-UNIS;30/07/2014;7;3,78;2014;Science-fiction;US;"[1;5[";US;Été
6;DRAGONS 2;ETATS-UNIS;02/07/2014;7;3,38;2014;Animation;US;"[1;5[";US;Été
7;X-MEN : DAY OF FUTURE PAST;ETATS-UNIS;21/05/2014;5;3,28;2014;Super-héros;US;"[1;5[";US;Printemps
8;RIO 2;ETATS-UNIS;09/04/2014;4;3,26;2014;Animation;US;"[1;5[";US;Printemps
9;SAMBA;FRANCE;15/10/2014;10;3,15;2014;Comédie;FR;"[1;5[";FR;Automne
10;LE LABYRINTHE ;ETATS-UNIS;15/10/2014;10;3,13;2014;Science-fiction;US;"[1;5[";US;Automne
11;HUNGER GAMES - LA RÉVOLTE PARTIE 1;ETATS-UNIS;19/11/2014;11;3,12;2014;Science-fiction;US;"[1;5[";US;Automne
12;ASTÉRIX ET LE DOMAINE DES DIEUX;FRANCE;26/11/2014;11;2,68;2014;Animation;FR;"[1;5[";FR;Automne
13;INTERSTELLAR;ETATS-UNIS;05/11/2014;11;2,58;2014;Science-fiction;US;"[1;5[";US;Automne
14;LES VACANCES DU PETIT NICOLAS ;FRANCE;09/07/2014;7;2,41;2014;Comédie;FR;"[1;5[";FR;Été
15;BABYSITTING;FRANCE;16/04/2014;4;2,36;2014;Comédie;FR;"[1;5[";FR;Printemps
16;LA FAMILLE BÉLIER ;FRANCE;17/12/2014;12;2,35;2014;Comédie dramatique;FR;"[1;5[";FR;Automne
17;LES GARDIENS DE LA GALAXIE ;ETATS-UNIS;13/08/2014;8;2,34;2014;Super-héros;US;"[1;5[";US;Été
18;TRANSFORMERS : L'ÂGE DE L'EXTINCTION;ETATS-UNIS;16/07/2014;7;2,34;2014;Science-fiction;US;"[1;5[";US;Été
19;THE AMAZING SPIDER-MAN : LE DESTIN D'UN HÉROS;ETATS-UNIS;30/04/2014;4;2,31;2014;Super-héros;US;"[1;5[";US;Printemps
20;LES TROIS FRÈRES, LE RETOUR ;FRANCE;12/02/2014;2;2,24;2014;Comédie;FR;"[1;5[";FR;Hiver
21;PADDINGTON;FRANCE;03/12/2014;12;2,20;2014;Animation;FR;"[1;5[";FR;Automne
22;LE LOUP DE WALL STREET ;ETATS-UNIS;25/12/2013;12;2,00;2014;Biopic/Biographie;US;"[1;5[";US;Automne
23;MALÉFIQUE;ETATS-UNIS;28/05/2014;5;2,00;2014;Fantastique;US;"[1;5[";US;Printemps
24;FISTON;FRANCE;12/03/2014;3;1,93;2014;Comédie;FR;"[1;5[";FR;Hiver
25;GONE GIRL;ETATS-UNIS;08/10/2014;10;1,91;2014;Policier/Thriller;US;"[1;5[";US;Automne
26;CAPTAIN AMERICA : LE SOLDAT DE L'HIVER;ETATS-UNIS;26/03/2014;3;1,88;2014;Super-héros;US;"[1;5[";US;Hiver
27;LA BELLE ET LA BÊTE ;FRANCE;12/02/2014;2;1,83;2014;Fantastique;FR;"[1;5[";FR;Hiver
28;NINJA TURTLES;ETATS-UNIS;15/10/2014;10;1,79;2014;Science-fiction;US;"[1;5[";US;Automne
29;12 YEARS A SLAVE;ETATS-UNIS;22/01/2014;1;1,71;2014;Drame;US;"[1;5[";US;Hiver
30;YVES SAINT LAURENT;FRANCE;08/01/2014;1;1,65;2014;Biopic/Biographie;FR;"[1;5[";FR;Hiver
31;BARBECUE;FRANCE;30/04/2014;4;1,61;2014;Comédie;FR;"[1;5[";FR;Printemps
32;LES PINGOUINS DE MADAGASCAR ;ETATS-UNIS;17/12/2014;12;1,59;2014;Animation;US;"[1;5[";US;Automne
33;300 : LA NAISSANCE D'UN EMPIRE;ETATS-UNIS;05/03/2014;3;1,56;2014;Péplum;US;"[1;5[";US;Hiver
34;ANNABELLE;ETATS-UNIS;08/10/2014;10;1,54;2014;Drame;US;"[1;5[";US;Automne
35;LA GRANDE AVENTURE LEGO ;ETATS-UNIS;19/02/2014;2;1,54;2014;Animation;US;"[1;5[";US;Hiver
36;MINUSCULE, LA VALLÉE DES FOURMIS PERDUES;FRANCE;29/01/2014;1;1,50;2014;Animation;FR;"[1;5[";FR;Hiver
37;DIVERGENTE;ETATS-UNIS;09/04/2014;4;1,50;2014;Science-fiction;US;"[1;5[";US;Printemps
38;THE GRAND BUDAPEST HOTEL;ETATS-UNIS;26/02/2014;2;1,47;2014;Comédie dramatique;US;"[1;5[";US;Hiver
39;M. PEABODY ET SHERMAN : LES VOYAGES DANS LE TEMPS;ETATS-UNIS;12/02/2014;2;1,42;2014;Animation;US;"[1;5[";US;Hiver
40;GODZILLA;ETATS-UNIS;14/05/2014;5;1,37;2014;Science-fiction;US;"[1;5[";US;Printemps
41;SOUS LES JUPES DES FILLES;FRANCE;04/06/2014;6;1,36;2014;Comédie dramatique;FR;"[1;5[";FR;Printemps
42;BELLE ET SÉBASTIEN;FRANCE;18/12/2013;12;1,34;2014;Aventure;FR;"[1;5[";FR;Automne
43;LA FRENCH ;FRANCE;03/12/2014;12;1,33;2014;Policier/Thriller;FR;"[1;5[";FR;Automne
44;NOE;ETATS-UNIS;09/04/2014;4;1,32;2014;Aventure;US;"[1;5[";US;Printemps
45;MONUMENTS MEN;ETATS-UNIS;12/03/2014;3;1,29;2014;Film historique / Guerre;US;"[1;5[";US;Hiver
46;LA REINE DES NEIGES ;ETATS-UNIS;04/12/2013;12;1,26;2014;Animation;US;"[1;5[";US;Automne
47;NON-STOP;GB;26/02/2014;2;1,22;2014;Policier/Thriller;GB;"[1;5[";GB;Hiver
48;EDGE OF TOMORROW;ETATS-UNIS;04/06/2014;6;1,22;2014;Science-fiction;US;"[1;5[";US;Printemps
49;OPÉRATION CASSE-NOISETTE;ETATS-UNIS;06/08/2014;8;1,20;2014;Animation;US;"[1;5[";US;Été
50;LE CROCODILE DU BOTSWANGA ;FRANCE;19/02/2014;2;1,19;2014;Comédie;FR;"[1;5[";FR;Hiver
51;MOMMY;CA;08/10/2014;10;1,13;2014;Drame;CA;"[1;5[";Autre;Automne
52;TU VEUX OU TU VEUX PAS;FRANCE;01/10/2014;10;1,08;2014;Comédie;FR;"[1;5[";FR;Automne
53;EXPENDABLES 3;ETATS-UNIS;20/08/2014;8;1,06;2014;Fantastique;US;"[1;5[";US;Été
54;NOS ÉTOILES CONTRAIRES;ETATS-UNIS;20/08/2014;8;1,04;2014;Drame;US;"[1;5[";US;Été
55;MAGIC IN THE MOONLIGHT;GB;22/10/2014;10;1,04;2014;Comédie;GB;"[1;5[";GB;Automne
56;CLOCHETTE ET LA FÉE PIRATE;ETATS-UNIS;02/04/2014;4;1,03;2014;Animation;US;"[1;5[";US;Printemps
57;PLANES 2;ETATS-UNIS;23/07/2014;7;1,02;2014;Animation;US;"[1;5[";US;Été
1;STAR WARS : EPISODE 7, LE REVEIL DE LA FORCE;ETATS UNIS;16/12/2015;12;7,33;2015;Science-fiction;US;"[5;10[";US;Automne
2;MINIONS (LES);ETATS UNIS;08/07/2015;7;6,66;2015;Animation;US;"[5;10[";US;Été
3;FAMILLE BELIER (LA);FRANCE / BELGIQUE;17/12/2014;12;5,35;2015;Comédie dramatique;FR;"[5;10[";FR;Automne
4;JURASSIC WORLD;ETATS UNIS;10/06/2015;6;5,21;2015;Science-fiction;US;"[5;10[";US;Printemps
5;007 SPECTRE;GRANDE BRETAGNE;11/11/2015;11;4,81;2015;Comédie dramatique;GB;"[1;5[";GB;Automne
6;FAST & FURIOUS 7;ETATS UNIS;01/04/2015;4;4,63;2015;Action;US;"[1;5[";US;Printemps
7;NOUVELLES AVENTURES D'ALADIN (LES);FRANCE;14/10/2015;10;4,43;2015;Comédie;FR;"[1;5[";FR;Automne
8;VICE-VERSA;ETATS UNIS;17/06/2015;6;4,41;2015;Animation;US;"[1;5[";US;Printemps
9;AVENGERS : L'ERE D'ULTRON;ETATS UNIS;22/04/2015;4;4,24;2015;Super-héros;US;"[1;5[";US;Printemps
10;CINQUANTE NUANCES DE GREY;ETATS UNIS;11/02/2015;2;4,07;2015;Erotique;US;"[1;5[";US;Hiver
11;PROFS 2 (LES);FRANCE / BELGIQUE;01/07/2015;7;3,49;2015;Comédie;FR;"[1;5[";FR;Été
12;AMERICAN SNIPER;ETATS UNIS;18/02/2015;2;3,13;2015;Biopic/Biographie;US;"[1;5[";US;Hiver
13;LABYRINTHE : LA TERRE BRULEE (LE);ETATS UNIS;07/10/2015;10;3,12;2015;Science-fiction;US;"[1;5[";US;Automne
14;PAPA OU MAMAN;FRANCE;04/02/2015;2;2,89;2015;Comédie;FR;"[1;5[";FR;Hiver
15;MISSION : IMPOSSIBLE, ROGUE NATION;ETATS UNIS;12/08/2015;8;2,80;2015;Action;US;"[1;5[";US;Été
16;HUNGER GAMES : LA REVOLTE, 2e PARTIE;ETATS UNIS;18/11/2015;11;2,77;2015;Science-fiction;US;"[1;5[";US;Automne
17;TAKEN 3;FRANCE;21/01/2015;1;2,61;2015;Policier/Thriller;FR;"[1;5[";FR;Hiver
18;BABYSITTING 2;FRANCE;02/12/2015;12;2,53;2015;Comédie;FR;"[1;5[";FR;Automne
19;SEUL SUR MARS;ETATS UNIS;21/10/2015;10;2,52;2015;Science-fiction;US;"[1;5[";US;Automne
20;DIVERGENTE 2 : L'INSURRECTION;ETATS UNIS;18/03/2015;3;2,42;2015;Science-fiction;US;"[1;5[";US;Hiver
21;POURQUOI J'AI (PAS) MANGE MON PERE;FRANCE / ITALIE;08/04/2015;4;2,41;2015;Animation;FR;"[1;5[";FR;Printemps
22;MAD MAX : FURY ROAD;AUSTRALIE;14/05/2015;5;2,36;2015;Science-fiction;AUS;"[1;5[";Autre;Printemps
23;VOYAGE D'ARLO (LE);ETATS UNIS;25/11/2015;11;2,32;2015;Animation;US;"[1;5[";US;Automne
24;HOTEL TRANSYLVANIE 2;ETATS UNIS;07/10/2015;10;2,30;2015;Animation;US;"[1;5[";US;Automne
25;PETIT PRINCE (LE);FRANCE / ITALIE;29/07/2015;7;1,93;2015;Animation;FR;"[1;5[";FR;Été
26;ANT-MAN;ETATS UNIS;14/07/2015;7;1,72;2015;Super-héros;US;"[1;5[";US;Été
27;CENDRILLON;GRANDE BRETAGNE;25/03/2015;3;1,67;2015;Drame;GB;"[1;5[";GB;Hiver
28;KINGSMAN : SERVICES SECRETS;GRANDE BRETAGNE / ETATS UNIS;18/02/2015;2;1,67;2015;Comédie d'action / d'espionnage;GB;"[1;5[";GB;Hiver
29;NOUVEAUX HEROS (LES);ETATS UNIS;11/02/2015;2;1,66;2015;Animation;US;"[1;5[";US;Hiver
30;NUIT AU MUSEE : LE SECRET DES PHARAONS (LA);ETATS UNIS;04/02/2015;2;1,59;2015;Fantastique;US;"[1;5[";US;Hiver
31;BIS;FRANCE;18/02/2015;2;1,51;2015;Comédie;FR;"[1;5[";FR;Hiver
32;TERMINATOR : GENISYS;ETATS UNIS;01/07/2015;7;1,43;2015;Science-fiction;US;"[1;5[";US;Été
33;BELLE ET SEBASTIEN : L'AVENTURE CONTINUE;FRANCE;09/12/2015;12;1,37;2015;Aventure;FR;"[1;5[";FR;Automne
34;DERNIER LOUP (LE);CHINE / FRANCE;25/02/2015;2;1,33;2015;Aventure;CHI;"[1;5[";Autre;Hiver
35;BOB L'EPONGE, LE FILM - UN HEROS SORT DE L'EAU;ETATS UNIS;18/02/2015;2;1,30;2015;Animation;US;"[1;5[";US;Hiver
36;EN ROUTE !;ETATS UNIS;15/04/2015;4;1,22;2015;Drame;US;"[1;5[";US;Printemps
37;4 FANTASTIQUES (LES);ETATS UNIS;05/08/2015;8;1,20;2015;Super-héros;US;"[1;5[";US;Été
38;CONNASSE, PRINCESSE DES CŒURS;FRANCE;29/04/2015;4;1,20;2015;Comédie;FR;"[1;5[";FR;Printemps
39;SAN ANDREAS;ETATS UNIS;27/05/2015;5;1,15;2015;Catastrophe;US;"[1;5[";US;Printemps
40;TED 2;ETATS UNIS;05/08/2015;8;1,14;2015;Animation;US;"[1;5[";US;Été
41;IMITATION GAME;GRANDE BRETAGNE / ETATS UNIS;28/01/2015;1;1,09;2015;Biopic/Biographie;GB;"[1;5[";GB;Hiver
42;SHAUN LE MOUTON;GRANDE BRETAGNE;01/04/2015;4;1,06;2015;Animation;GB;"[1;5[";GB;Printemps
43;SOUVENIRS (LES);FRANCE / BELGIQUE;14/01/2015;1;1,06;2015;Comédie dramatique;FR;"[1;5[";FR;Hiver
44;MARGUERITE;FRANCE / REPUBLIQUE TCHEQUE/ BELGIQUE;16/09/2015;9;1,01;2015;Comédie dramatique;FR;"[1;5[";FR;Été
1;ZOOTOPIE;ETATS UNIS;17/02/2016;2;4,75;2016;Animation;US;"[1;5[";US;Hiver
2;TUCHE 2 : LE REVE AMERICAIN (LES);FRANCE;03/02/2016;2;4,60;2016;Comédie;FR;"[1;5[";FR;Hiver
3;VAIANA, LA LÉGENDE DU BOUT DU MONDE;ETATS UNIS;30/11/2016;11;4,53;2016;Animation;US;"[1;5[";US;Automne
4;ROGUE ONE A STAR WARS STORY;ETATS UNIS;14/12/2016;12;3,92;2016;Science-fiction;US;"[1;5[";US;Automne
5;THE REVENANT;ETATS UNIS;24/02/2016;2;3,84;2016;Western;US;"[1;5[";US;Hiver
6;ANIMAUX FANTASTIQUES (LES);GRANDE BRETAGNE;16/11/2016;11;3,81;2016;Fantastique;GB;"[1;5[";GB;Automne
7;DEADPOOL;ETATS UNIS;10/02/2016;2;3,76;2016;Super-héros;US;"[1;5[";US;Hiver
8;COMME DES BETES;ETATS UNIS;27/07/2016;7;3,76;2016;Animation;US;"[1;5[";US;Été
9;LIVRE DE LA JUNGLE (LE);ETATS UNIS;13/04/2016;4;3,65;2016;Aventure;US;"[1;5[";US;Printemps
10;AGE DE GLACE : LES LOIS DE L'UNIVERS (L');ETATS UNIS;13/07/2016;7;3,50;2016;Animation;US;"[1;5[";US;Été
11;MONDE DE DORY (LE);ETATS UNIS;22/06/2016;6;3,37;2016;Animation;US;"[1;5[";US;Printemps
12;CAMPING 3;FRANCE;29/06/2016;6;3,22;2016;Comédie;FR;"[1;5[";FR;Printemps
13;STAR WARS : EPISODE 7, LE REVEIL DE LA FORCE;ETATS UNIS;16/12/2015;12;3,00;2016;Science-fiction;US;"[1;5[";US;Automne
14;RADIN !;FRANCE;28/09/2016;9;2,95;2016;Comédie;FR;"[1;5[";FR;Été
15;CAPTAIN AMERICA : CIVIL WAR;ETATS UNIS;27/04/2016;4;2,92;2016;Super-héros;US;"[1;5[";US;Printemps
16;TROLLS (LES);ETATS UNIS;19/10/2016;10;2,74;2016;Animation;US;"[1;5[";US;Automne
17;MISS PEREGRINE ET LES ENFANTS PARTICULIERS;GRANDE BRETAGNE;05/10/2016;10;2,71;2016;Fantastique;GB;"[1;5[";GB;Automne
18;KUNG FU PANDA 3;ETATS UNIS;30/03/2016;3;2,58;2016;Animation;US;"[1;5[";US;Hiver
19;BATMAN V SUPERMAN : L'AUBE DE LA JUSTICE;ETATS UNIS;23/03/2016;3;2,49;2016;Super-héros;US;"[1;5[";US;Hiver
20;SUICIDE SQUAD;ETATS UNIS;03/08/2016;8;2,28;2016;Super-héros;US;"[1;5[";US;Été
21;VISITEURS : LA REVOLUTION (LES);FRANCE / BELGIQUE;06/04/2016;4;2,20;2016;Comédie;FR;"[1;5[";FR;Printemps
22;RETOUR CHEZ MA MERE;FRANCE;01/06/2016;6;2,20;2016;Comédie;FR;"[1;5[";FR;Printemps
23;X-MEN : APOCALYPSE;ETATS UNIS;18/05/2016;5;2,16;2016;Super-héros;US;"[1;5[";US;Printemps
24;DIVERGENTE 3 : AU-DELA DU MUR;ETATS UNIS;09/03/2016;3;2,11;2016;Science-fiction;US;"[1;5[";US;Hiver
25;INSAISISSABLES 2;ETATS UNIS;27/07/2016;7;2,10;2016;Policier/Thriller;US;"[1;5[";US;Été
26;DEMAIN TOUT COMMENCE;FRANCE / GRANDE BRETAGNE;07/12/2016;12;2,07;2016;Comédie dramatique;FR;"[1;5[";FR;Automne
27;BRIDGET JONES BABY;GRANDE BRETAGNE;05/10/2016;10;1,97;2016;Comédie dramatique;GB;"[1;5[";GB;Automne
28;PATTAYA;FRANCE;24/02/2016;2;1,95;2016;Comédie;FR;"[1;5[";FR;Hiver
29;BRICE 3;FRANCE;19/10/2016;10;1,95;2016;Comédie;FR;"[1;5[";FR;Automne
30;CHOCOLAT;FRANCE;03/02/2016;2;1,93;2016;Biopic/Biographie;FR;"[1;5[";FR;Hiver
31;DOCTOR STRANGE;ETATS UNIS;26/10/2016;10;1,92;2016;Super-héros;US;"[1;5[";US;Automne
32;ALVIN ET LES CHIPMUNKS : A FOND LA CAISSE;ETATS UNIS;03/02/2016;2;1,80;2016;Comédie;US;"[1;5[";US;Hiver
33;8 SALOPARDS (LES);ETATS UNIS;06/01/2016;1;1,78;2016;Western;US;"[1;5[";US;Hiver
34;WARCRAFT : LE COMMENCEMENT;ETATS UNIS;25/05/2016;5;1,73;2016;Fantasy;US;"[1;5[";US;Printemps
35;CREED, L'HERITAGE DE ROCKY BALBOA;ETATS UNIS;13/01/2016;1;1,64;2016;Drame;US;"[1;5[";US;Hiver
36;MEDECIN DE CAMPAGNE;FRANCE;23/03/2016;3;1,51;2016;Comédie dramatique;FR;"[1;5[";FR;Hiver
37;JASON BOURNE;ETATS UNIS;10/08/2016;8;1,49;2016;Action;US;"[1;5[";US;Été
38;CONJURING 2 : LE CAS ENFIELD;ETATS UNIS;29/06/2016;6;1,47;2016;Horreur;US;"[1;5[";US;Printemps
39;TARZAN;GRANDE BRETAGNE;06/07/2016;7;1,38;2016;Aventure;GB;"[1;5[";GB;Été
40;ALICE DE L'AUTRE COTE DU MIROIR;ETATS UNIS;01/06/2016;6;1,35;2016;Fantastique;US;"[1;5[";US;Printemps
41;BALLERINA;CANADA / FRANCE;14/12/2016;12;1,34;2016;Animation;CA;"[1;5[";Autre;Automne
42;VACHE (LA);FRANCE / MAROC;17/02/2016;2;1,30;2016;Comédie;FR;"[1;5[";FR;Hiver
43;INDEPENDENCE DAY  : RESURGENCE;ETATS UNIS;20/07/2016;7;1,29;2016;Science-fiction;US;"[1;5[";US;Été
44;ASSASSIN'S CREED;ETATS UNIS;21/12/2016;12;1,25;2016;Science-fiction;US;"[1;5[";US;Automne
45;FOLLE HISTOIRE DE MAX ET LEON (LA);FRANCE / BELGIQUE;01/11/2016;11;1,22;2016;Comédie;FR;"[1;5[";FR;Automne
46;ODYSSÉE (L');FRANCE;12/10/2016;10;1,22;2016;Biopic/Biographie;FR;"[1;5[";FR;Automne
47;PAPA OU MAMAN 2;FRANCE / BELGIQUE;07/12/2016;12;1,20;2016;Comédie;FR;"[1;5[";FR;Automne
48;SULLY;ETATS UNIS;30/11/2016;11;1,11;2016;Biopic/Biographie;US;"[1;5[";US;Automne
49;ADOPTE UN VEUF;FRANCE;20/04/2016;4;1,09;2016;Comédie;FR;"[1;5[";FR;Printemps
50;JUSTE LA FIN DU MONDE;CANADA / FRANCE;21/09/2016;9;1,03;2016;Drame;CA;"[1;5[";Autre;Été
51;SAISONS (LES);FRANCE;27/01/2016;1;1,02;2016;Documentaire;FR;"[1;5[";FR;Hiver
52;CIGOGNES ET COMPAGNIE;ETATS UNIS;12/10/2016;10;1,02;2016;Animation;US;"[1;5[";US;Automne
53;5EME VAGUE (LA);ETATS UNIS;27/01/2016;1;1,00;2016;Science-fiction;US;"[1;5[";US;Hiver
1;MOI MOCHE ET MECHANT 3;US;05/07/2017;7;5,74;2017;Animation;US;"[5;10[";US;Été
2;STAR WARS LES DERNIERS JEDI;US;13/12/2017;12;5,35;2017;Science-fiction;US;"[5;10[";US;Automne
3;RAID DINGUE;FR;01/02/2017;2;4,56;2017;Comédie;FR;"[1;5[";FR;Hiver
4;VALERIAN ET LA CITE DES MILLE PLANETES;FR;26/07/2017;7;4,04;2017;Science-fiction;FR;"[1;5[";FR;Été
5;BABY BOSS;US;29/03/2017;3;3,87;2017;Animation;US;"[1;5[";US;Hiver
6;FAST AND FURIOUS 8;US;12/04/2017;4;3,87;2017;#N/A;US;"[1;5[";US;Printemps
7;TOUS EN SCENE;US;25/01/2017;1;3,61;2017;Animation;US;"[1;5[";US;Hiver
8;ALIBI.COM;FR;15/02/2017;2;3,60;2017;Comédie;FR;"[1;5[";FR;Hiver
9;PIRATES DES CARAIBES: LA VENGEANCE DE SALAZAR;US;24/05/2017;5;3,59;2017;Fantastique;US;"[1;5[";US;Printemps
10;LA BELLE ET LA BETE;GB / US;22/03/2017;3;3,49;2017;Drame;GB;"[1;5[";GB;Hiver
11;COCO;US;29/11/2017;11;3,26;2017;Comédie;US;"[1;5[";US;Automne
12;LES GARDIENS DE LA GALAXIE VOL 2;US;26/04/2017;4;3,14;2017;Super-héros;US;"[1;5[";US;Printemps
13;CINQUANTE NUANCES PLUS SOMBRES;US;08/02/2017;2;3,14;2017;Erotique;US;"[1;5[";US;Hiver
14;SENS DE LA FETE (LE);FR;04/10/2017;10;3,02;2017;Comédie;FR;"[1;5[";FR;Automne
15;LA PLANETE DES SINGES SUPREMATIE;US;02/08/2017;8;2,81;2017;Science-fiction;US;"[1;5[";US;Été
16;LA LA LAND;US;25/01/2017;1;2,75;2017;Film musical /Comédie musicale;US;"[1;5[";US;Hiver
17;CARS 3;US;02/08/2017;8;2,72;2017;Animation;US;"[1;5[";US;Été
18;DUNKERQUE;GB;19/07/2017;7;2,55;2017;Film historique / Guerre;GB;"[1;5[";GB;Été
19;EPOUSE MOI MON POTE;FR;25/10/2017;10;2,47;2017;Comédie;FR;"[1;5[";FR;Automne
20;THOR RAGNAROK;US;25/10/2017;10;2,46;2017;Super-héros;US;"[1;5[";US;Automne
21;SPIDER MAN HOMECOMING;US;12/07/2017;7;2,32;2017;Super-héros;US;"[1;5[";US;Été
22;LOGAN;US;01/03/2017;3;2,27;2017;Super-héros;US;"[1;5[";US;Hiver
23;CA;US;20/09/2017;9;2,23;2017;Horreur;US;"[1;5[";US;Été
24;WONDER WOMAN;GB;07/06/2017;6;2,15;2017;Super-héros;GB;"[1;5[";GB;Printemps
25;AU REVOIR LA HAUT;FR;25/10/2017;10;1,99;2017;Comédie dramatique;FR;"[1;5[";FR;Automne
26;ECOLE BUISSONNIERE (L');FR;11/10/2017;10;1,90;2017;Comédie dramatique;FR;"[1;5[";FR;Automne
27;SEVEN SISTERS;GB;30/08/2017;8;1,86;2017;Science-fiction;GB;"[1;5[";GB;Été
28;LES SCHTROUMPFS ET LE VILLAGE PERDU;US;05/04/2017;4;1,84;2017;Animation;US;"[1;5[";US;Printemps
29;LION;AUS;22/02/2017;2;1,79;2017;Biopic/Biographie;AUS;"[1;5[";Autre;Hiver
30;SPLIT;US;22/02/2017;2;1,79;2017;Policier/Thriller;US;"[1;5[";US;Hiver
31;KINGSMAN LE CERCLE D'OR;GB;11/10/2017;10;1,74;2017;Comédie d'action / d'espionnage;GB;"[1;5[";GB;Automne
32;JUSTICE LEAGUE;GB;15/11/2017;11;1,71;2017;Super-héros;GB;"[1;5[";GB;Automne
33;SANTA ET CIE;FR / BE;06/12/2017;12;1,65;2017;Comédie fantastique;FR;"[1;5[";FR;Automne
34;KONG SKULL ISLAND;US;08/03/2017;3;1,62;2017;Fantastique;US;"[1;5[";US;Hiver
35;BAYWATCH ALERTE A MALIBU;US;21/06/2017;6;1,59;2017;Comédie d'action / d'espionnage;US;"[1;5[";US;Printemps
36;TRANSFORMERS THE LAST KNIGHT;US;28/06/2017;6;1,42;2017;Science-fiction;US;"[1;5[";US;Printemps
37;IL A DEJA TES YEUX;FR;18/01/2017;1;1,39;2017;Comédie;FR;"[1;5[";FR;Hiver
38;JUMANJI BIENVENUE DANS LA JUNGLE;US;20/12/2017;12;1,39;2017;Fantastique;US;"[1;5[";US;Automne
39;LA MOMIE;US;14/06/2017;6;1,38;2017;Fantastique;US;"[1;5[";US;Printemps
40;UN SAC DE BILLES;FR / CA;18/01/2017;1;1,33;2017;Drame;FR;"[1;5[";FR;Hiver
41;PADDINGTON 2;FR;06/12/2017;12;1,31;2017;Animation;FR;"[1;5[";FR;Automne
42;ROCK N ROLL;FR;15/02/2017;2;1,30;2017;Comédie;FR;"[1;5[";FR;Hiver
43;PATIENTS;FR;01/03/2017;3;1,27;2017;Comédie dramatique;FR;"[1;5[";FR;Hiver
44;ALIEN COVENANT;US;10/05/2017;5;1,27;2017;Science-fiction;US;"[1;5[";US;Printemps
45;BLADE RUNNER 2049;US;04/10/2017;10;1,26;2017;Science-fiction;US;"[1;5[";US;Automne
46;ANNABELLE 2 LA CREATION DU MAL;US;09/08/2017;8;1,25;2017;Horreur;US;"[1;5[";US;Été
47;GET OUT;US;03/05/2017;5;1,15;2017;Horreur;US;"[1;5[";US;Printemps
48;DEMAIN TOUT COMMENCE;FR / GB;07/12/2016;12;1,13;2017;Comédie dramatique;FR;"[1;5[";FR;Automne
49;SAHARA;FR / CA;01/02/2017;2;1,13;2017;Animation;FR;"[1;5[";FR;Hiver
50;L ASCENSION;FR;25/01/2017;1;1,12;2017;Comédie;FR;"[1;5[";FR;Hiver
51;ROGUE ONE A STAR WARS STORY;US;14/12/2016;12;1,06;2017;Science-fiction;US;"[1;5[";US;Automne
52;FERDINAND;US;20/12/2017;12;1,06;2017;Animation;US;"[1;5[";US;Automne
53;LE BRIO;FR;22/11/2017;11;1,05;2017;Comédie dramatique;FR;"[1;5[";FR;Automne
54;A BRAS OUVERTS;FR / BE;05/04/2017;4;1,03;2017;Comédie;FR;"[1;5[";FR;Printemps
55;GHOST IN THE SHELL;US;29/03/2017;3;1,02;2017;Science-fiction;US;"[1;5[";US;Hiver
56;VAIANA LA LEGENDE DU BOUT DU MONDE;US;30/11/2016;11;1,02;2017;Animation;US;"[1;5[";US;Automne
